gene,cdna_change,insight_class,genomic_dna_change,consequence,impact,exon,intron,HGVSc,HGVSp,cDNA_pos,CDS_pos,protein_pos,ada_score,rf_score,cadd_phred,revel_score,maxentscan_alt,maxentscan_diff,maxentscan_ref,chrom,pos,ref,alt,gnomad_af,num_homozygotes
MSH2,c.1284C>G,N/A,g.47672694C>G,missense_variant,MODERATE,8,,c.1284C>G,p.His428Gln,1507,1284,428,,,19.48,0.643,,,,2,47672694,C,G,4.08E-06,0
MSH2,c.2164G>A,N/A,g.47703664G>A,missense_variant,MODERATE,13,,c.2164G>A,p.Val722Ile,2387,2164,722,,,25.6,0.497,,,,2,47703664,G,A,6.13E-05,0
MSH2,c.4G>A,2,g.47630334G>A,missense_variant,MODERATE,1,,c.4G>A,p.Ala2Thr,227,4,2,,,33,0.842,,,,2,47630334,G,A,0.0001406,0
MSH2,c.14C>A,3,g.47630344C>A,missense_variant,MODERATE,1,,c.14C>A,p.Pro5Gln,237,14,5,,,34,0.827,,,,2,47630344,C,A,,
MSH2,c.23C>T,1,g.47630353C>T,missense_variant,MODERATE,1,,c.23C>T,p.Thr8Met,246,23,8,,,23.5,0.572,,,,2,47630353,C,T,0.00272,6
MSH2,c.26T>C,N/A,g.47630356T>C,missense_variant,MODERATE,1,,c.26T>C,p.Leu9Pro,249,26,9,,,31,0.859,,,,2,47630356,T,C,,
MSH2,c.38G>T,3,g.47630368G>T,missense_variant,MODERATE,1,,c.38G>T,p.Ser13Ile,261,38,13,,,23,0.553,,,,2,47630368,G,T,,
MSH2,c.49G>T,3,g.47630379G>T,missense_variant,MODERATE,1,,c.49G>T,p.Val17Phe,272,49,17,,,10.57,0.334,,,,2,47630379,G,T,,
MSH2,c.55T>C,N/A,g.47630385T>C,missense_variant,MODERATE,1,,c.55T>C,p.Phe19Leu,278,55,19,,,32,0.928,,,,2,47630385,T,C,0.000172,0
MSH2,c.97A>C,3,g.47630427A>C,missense_variant,MODERATE,1,,c.97A>C,p.Thr33Pro,320,97,33,,,23.8,0.819,,,,2,47630427,A,C,5.62E-05,0
MSH2,c.97A>G,3,g.47630427A>G,missense_variant,MODERATE,1,,c.97A>G,p.Thr33Ala,320,97,33,,,22.6,0.651,,,,2,47630427,A,G,1.38E-05,0
MSH2,c.101T>A,N/A,g.47630431T>A,missense_variant,MODERATE,1,,c.101T>A,p.Val34Glu,324,101,34,,,23.8,0.852,,,,2,47630431,T,A,,
MSH2,c.114C>G,3,g.47630444C>G,missense_variant,MODERATE,1,,c.114C>G,p.Asp38Glu,337,114,38,,,18.91,0.569,,,,2,47630444,C,G,2.37E-05,0
MSH2,c.118G>A,3,g.47630448G>A,missense_variant,MODERATE,1,,c.118G>A,p.Gly40Ser,341,118,40,,,21,0.554,,,,2,47630448,G,A,,
MSH2,c.124_126delinsGCA,N/A,g.47630454_47630456delinsGCA,missense_variant,MODERATE,1,,c.124_126delinsGCA,p.Phe42Ala,347-349,124-126,42,,,,,,,,2,47630454,TTC,GCA,,
MSH2,c.128A>G,3,g.47630458A>G,missense_variant,MODERATE,1,,c.128A>G,p.Tyr43Cys,351,128,43,,,26.2,0.875,,,,2,47630458,A,G,7.02E-05,0
MSH2,c.131C>T,3,g.47630461C>T,missense_variant,MODERATE,1,,c.131C>T,p.Thr44Met,354,131,44,,,29.2,0.889,,,,2,47630461,C,T,,
MSH2,c.134C>T,3,g.47630464C>T,missense_variant,MODERATE,1,,c.134C>T,p.Ala45Val,357,134,45,,,8.518,0.479,,,,2,47630464,C,T,,
MSH2,c.138C>G,3,g.47630468C>G,missense_variant,MODERATE,1,,c.138C>G,p.His46Gln,361,138,46,,,28.8,0.887,,,,2,47630468,C,G,0.0002265,1
MSH2,c.146A>T,3,g.47630476A>T,missense_variant,MODERATE,1,,c.146A>T,p.Asp49Val,369,146,49,,,27.1,0.939,,,,2,47630476,A,T,8.80E-06,0
MSH2,c.169G>A,3,g.47630499G>A,missense_variant,MODERATE,1,,c.169G>A,p.Val57Met,392,169,57,,,32,0.834,,,,2,47630499,G,A,,
MSH2,c.182A>C,3,g.47630512A>C,missense_variant,MODERATE,1,,c.182A>C,p.Gln61Pro,405,182,61,,,23.2,0.72,,,,2,47630512,A,C,4.38E-06,0
MSH2,c.183G>T,N/A,g.47630513G>T,missense_variant,MODERATE,1,,c.183G>T,p.Gln61His,406,183,61,,,19.13,0.505,,,,2,47630513,G,T,7.72E-05,0
MSH2,c.209C>T,N/A,g.47630539C>T,"missense_variant,splice_region_variant",MODERATE,1,,c.209C>T,p.Ala70Val,432,209,70,0.9959376291,0.838,23.3,0.44,7.648241044,2.420114812,10.06835586,2,47630539,C,T,,
MSH2,c.212G>A,N/A,g.47635540G>A,"missense_variant,splice_region_variant",MODERATE,2,,c.212G>A,p.Gly71Glu,435,212,71,0.9978730104,0.812,18.68,0.654,6.207712229,2.300157127,8.507869356,2,47635540,G,A,4.13E-06,0
MSH2,c.244A>G,N/A,g.47635572A>G,missense_variant,MODERATE,2,,c.244A>G,p.Lys82Glu,467,244,82,,,17.92,0.735,,,,2,47635572,A,G,,
MSH2,c.260C>G,N/A,g.47635588C>G,missense_variant,MODERATE,2,,c.260C>G,p.Ser87Cys,483,260,87,,,21.3,0.658,,,,2,47635588,C,G,7.23E-06,0
MSH2,c.274C>G,3,g.47635602C>G,missense_variant,MODERATE,2,,c.274C>G,p.Leu92Val,497,274,92,,,21.6,0.748,,,,2,47635602,C,G,6.10E-05,0
MSH2,c.277C>T,4,g.47635605C>T,missense_variant,MODERATE,2,,c.277C>T,p.Leu93Phe,500,277,93,,,25.4,0.87,,,,2,47635605,C,T,,
MSH2,c.278T>C,N/A,g.47635606T>C,missense_variant,MODERATE,2,,c.278T>C,p.Leu93Pro,501,278,93,,,24.5,0.94,,,,2,47635606,T,C,,
MSH2,c.287G>A,2,g.47635615G>A,missense_variant,MODERATE,2,,c.287G>A,p.Arg96His,510,287,96,,,25,0.727,,,,2,47635615,G,A,2.17E-05,0
MSH2,c.293A>G,3,g.47635621A>G,missense_variant,MODERATE,2,,c.293A>G,p.Tyr98Cys,516,293,98,,,24.3,0.876,,,,2,47635621,A,G,4.06E-06,0
MSH2,c.304G>A,2,g.47635632G>A,missense_variant,MODERATE,2,,c.304G>A,p.Val102Ile,527,304,102,,,9.196,0.701,,,,2,47635632,G,A,2.03E-05,0
MSH2,c.308A>G,3,g.47635636A>G,missense_variant,MODERATE,2,,c.308A>G,p.Tyr103Cys,531,308,103,,,23,0.655,,,,2,47635636,A,G,,
MSH2,c.317G>A,1,g.47635645G>A,missense_variant,MODERATE,2,,c.317G>A,p.Arg106Lys,540,317,106,,,0.01,0.362,,,,2,47635645,G,A,6.10E-05,0
MSH2,c.319G>C,3,g.47635647G>C,missense_variant,MODERATE,2,,c.319G>C,p.Ala107Pro,542,319,107,,,22.2,0.643,,,,2,47635647,G,C,4.06E-06,0
MSH2,c.329A>G,3,g.47635657A>G,missense_variant,MODERATE,2,,c.329A>G,p.Lys110Arg,552,329,110,,,11.61,0.569,,,,2,47635657,A,G,,
MSH2,c.332C>T,N/A,g.47635660C>T,missense_variant,MODERATE,2,,c.332C>T,p.Ala111Val,555,332,111,,,17.85,0.486,,,,2,47635660,C,T,,
MSH2,c.373C>T,N/A,g.47637239C>T,missense_variant,MODERATE,3,,c.373C>T,p.Pro125Ser,596,373,125,,,23.5,0.844,,,,2,47637239,C,T,8.13E-06,0
MSH2,c.374C>T,N/A,g.47637240C>T,missense_variant,MODERATE,3,,c.374C>T,p.Pro125Leu,597,374,125,,,27.8,0.881,,,,2,47637240,C,T,,
MSH2,c.376G>A,N/A,g.47637242G>A,missense_variant,MODERATE,3,,c.376G>A,p.Gly126Ser,599,376,126,,,26.8,0.952,,,,2,47637242,G,A,4.06E-06,0
MSH2,c.376G>C,N/A,g.47637242G>C,missense_variant,MODERATE,3,,c.376G>C,p.Gly126Arg,599,376,126,,,26.2,0.954,,,,2,47637242,G,C,,
MSH2,c.380A>G,1,g.47637246A>G,missense_variant,MODERATE,3,,c.380A>G,p.Asn127Ser,603,380,127,,,23.2,0.741,,,,2,47637246,A,G,0.007322,70
MSH2,c.380A>T,3,g.47637246A>T,missense_variant,MODERATE,3,,c.380A>T,p.Asn127Ile,603,380,127,,,24.4,0.836,,,,2,47637246,A,T,,
MSH2,c.383T>G,N/A,g.47637249T>G,missense_variant,MODERATE,3,,c.383T>G,p.Leu128Arg,606,383,128,,,24,0.884,,,,2,47637249,T,G,4.06E-06,0
MSH2,c.415A>G,N/A,g.47637281A>G,missense_variant,MODERATE,3,,c.415A>G,p.Asn139Asp,638,415,139,,,8.104,0.43,,,,2,47637281,A,G,,
MSH2,c.421A>G,3,g.47637287A>G,missense_variant,MODERATE,3,,c.421A>G,p.Met141Val,644,421,141,,,0.028,0.549,,,,2,47637287,A,G,9.75E-05,0
MSH2,c.435T>G,3,g.47637301T>G,missense_variant,MODERATE,3,,c.435T>G,p.Ile145Met,658,435,145,,,12.74,0.557,,,,2,47637301,T,G,0.0002958,0
MSH2,c.442G>C,N/A,g.47637308G>C,missense_variant,MODERATE,3,,c.442G>C,p.Val148Leu,665,442,148,,,0.413,0.51,,,,2,47637308,G,C,,
MSH2,c.446G>A,3,g.47637312G>A,missense_variant,MODERATE,3,,c.446G>A,p.Gly149Asp,669,446,149,,,24.6,0.818,,,,2,47637312,G,A,,
MSH2,c.458C>G,N/A,g.47637324C>G,missense_variant,MODERATE,3,,c.458C>G,p.Ser153Cys,681,458,153,,,23.7,0.569,,,,2,47637324,C,G,4.06E-06,0
MSH2,c.482T>A,5,g.47637348T>A,missense_variant,MODERATE,3,,c.482T>A,p.Val161Asp,705,482,161,,,32,0.962,,,,2,47637348,T,A,,
MSH2,c.484G>A,5,g.47637350G>A,missense_variant,MODERATE,3,,c.484G>A,p.Gly162Arg,707,484,162,,,33,0.979,,,,2,47637350,G,A,,
MSH2,c.485G>C,3,g.47637351G>C,missense_variant,MODERATE,3,,c.485G>C,p.Gly162Ala,708,485,162,,,27,0.941,,,,2,47637351,G,C,,
MSH2,c.488T>A,5,g.47637354T>A,missense_variant,MODERATE,3,,c.488T>A,p.Val163Asp,711,488,163,,,28.4,0.903,,,,2,47637354,T,A,,
MSH2,c.488T>G,5,g.47637354T>G,missense_variant,MODERATE,3,,c.488T>G,p.Val163Gly,711,488,163,,,25.7,0.919,,,,2,47637354,T,G,4.06E-06,0
MSH2,c.490G>A,5,g.47637356G>A,missense_variant,MODERATE,3,,c.490G>A,p.Gly164Arg,713,490,164,,,32,0.887,,,,2,47637356,G,A,,
MSH2,c.490G>T,3,g.47637356G>T,missense_variant,MODERATE,3,,c.490G>T,p.Gly164Trp,713,490,164,,,33,0.928,,,,2,47637356,G,T,,
MSH2,c.491G>A,5,g.47637357G>A,missense_variant,MODERATE,3,,c.491G>A,p.Gly164Glu,714,491,164,,,26.1,0.886,,,,2,47637357,G,A,,
MSH2,c.493T>G,4,g.47637359T>G,missense_variant,MODERATE,3,,c.493T>G,p.Tyr165Asp,716,493,165,,,24.2,0.811,,,,2,47637359,T,G,,
MSH2,c.499G>C,1,g.47637365G>C,missense_variant,MODERATE,3,,c.499G>C,p.Asp167His,722,499,167,,,28.9,0.963,,,,2,47637365,G,C,8.30E-05,1
MSH2,c.505A>G,2,g.47637371A>G,missense_variant,MODERATE,3,,c.505A>G,p.Ile169Val,728,505,169,,,0.011,0.415,,,,2,47637371,A,G,0.0004473,1
MSH2,c.512G>A,3,g.47637378G>A,missense_variant,MODERATE,3,,c.512G>A,p.Arg171Lys,735,512,171,,,26.2,0.593,,,,2,47637378,G,A,6.90E-05,0
MSH2,c.518T>C,3,g.47637384T>C,missense_variant,MODERATE,3,,c.518T>C,p.Leu173Pro,741,518,173,,,27.8,0.905,,,,2,47637384,T,C,,
MSH2,c.518T>G,5,g.47637384T>G,missense_variant,MODERATE,3,,c.518T>G,p.Leu173Arg,741,518,173,,,28.8,0.906,,,,2,47637384,T,G,,
MSH2,c.524T>C,3,g.47637390T>C,missense_variant,MODERATE,3,,c.524T>C,p.Leu175Pro,747,524,175,,,26.5,0.877,,,,2,47637390,T,C,,
MSH2,c.529G>A,3,g.47637395G>A,missense_variant,MODERATE,3,,c.529G>A,p.Glu177Lys,752,529,177,,,34,0.933,,,,2,47637395,G,A,,
MSH2,c.529_531delinsCAC,N/A,g.47637395_47637397delinsCAC,missense_variant,MODERATE,3,,c.529_531delinsCAC,p.Glu177His,752-754,529-531,177,,,,,,,,2,47637395,GAA,CAC,,
MSH2,c.557A>G,3,g.47637423A>G,missense_variant,MODERATE,3,,c.557A>G,p.Asn186Ser,780,557,186,,,24.5,0.769,,,,2,47637423,A,G,0.000101,0
MSH2,c.560T>C,5,g.47637426T>C,missense_variant,MODERATE,3,,c.560T>C,p.Leu187Pro,783,560,187,,,27.4,0.956,,,,2,47637426,T,C,,
MSH2,c.560T>G,5,g.47637426T>G,missense_variant,MODERATE,3,,c.560T>G,p.Leu187Arg,783,560,187,,,28.7,0.961,,,,2,47637426,T,G,,
MSH2,c.565G>T,3,g.47637431G>T,missense_variant,MODERATE,3,,c.565G>T,p.Ala189Ser,788,565,189,,,8.681,0.559,,,,2,47637431,G,T,,
MSH2,c.569_570delinsCT,3,g.47637435_47637436delinsCT,missense_variant,MODERATE,3,,c.569_570delinsCT,p.Leu190Pro,792-793,569-570,190,,,,,,,,2,47637435,TC,CT,,
MSH2,c.592G>A,3,g.47637458G>A,missense_variant,MODERATE,3,,c.592G>A,p.Glu198Lys,815,592,198,,,32,0.96,,,,2,47637458,G,A,,
MSH2,c.593A>G,1,g.47637459A>G,missense_variant,MODERATE,3,,c.593A>G,p.Glu198Gly,816,593,198,,,28.7,0.99,,,,2,47637459,A,G,,
MSH2,c.595T>C,5,g.47637461T>C,missense_variant,MODERATE,3,,c.595T>C,p.Cys199Arg,818,595,199,,,26.5,0.939,,,,2,47637461,T,C,,
MSH2,c.596G>A,3,g.47637462G>A,missense_variant,MODERATE,3,,c.596G>A,p.Cys199Tyr,819,596,199,,,27.6,0.883,,,,2,47637462,G,A,,
MSH2,c.599T>A,5,g.47637465T>A,missense_variant,MODERATE,3,,c.599T>A,p.Val200Asp,822,599,200,,,28,0.872,,,,2,47637465,T,A,,
MSH2,c.607G>A,N/A,g.47637473G>A,missense_variant,MODERATE,3,,c.607G>A,p.Gly203Arg,830,607,203,,,19.64,0.538,,,,2,47637473,G,A,1.22E-05,0
MSH2,c.619G>T,N/A,g.47637485G>T,missense_variant,MODERATE,3,,c.619G>T,p.Ala207Ser,842,619,207,,,5.877,0.447,,,,2,47637485,G,T,,
MSH2,c.646A>G,3,g.47639553A>G,"missense_variant,splice_region_variant",MODERATE,4,,c.646A>G,p.Ile216Val,869,646,216,1.13E-05,0.034,0.004,0.342,8.112350644,-1.738682383,6.373668261,2,47639553,A,G,8.17E-06,0
MSH2,c.672C>G,3,g.47639579C>G,missense_variant,MODERATE,4,,c.672C>G,p.Ile224Met,895,672,224,,,23.4,0.674,,,,2,47639579,C,G,,
MSH2,c.709A>G,N/A,g.47639616A>G,missense_variant,MODERATE,4,,c.709A>G,p.Ile237Val,932,709,237,,,13.86,0.511,,,,2,47639616,A,G,,
MSH2,c.724A>C,N/A,g.47639631A>C,missense_variant,MODERATE,4,,c.724A>C,p.Asn242His,947,724,242,,,26.4,0.794,,,,2,47639631,A,C,,
MSH2,c.728G>A,3,g.47639635G>A,missense_variant,MODERATE,4,,c.728G>A,p.Arg243Gln,951,728,243,,,34,0.84,,,,2,47639635,G,A,1.22E-05,0
MSH2,c.736A>C,3,g.47639643A>C,missense_variant,MODERATE,4,,c.736A>C,p.Lys246Gln,959,736,246,,,26.2,0.872,,,,2,47639643,A,C,,
MSH2,c.742A>G,3,g.47639649A>G,missense_variant,MODERATE,4,,c.742A>G,p.Lys248Glu,965,742,248,,,15.34,0.443,,,,2,47639649,A,G,1.63E-05,0
MSH2,c.782T>C,3,g.47639689T>C,missense_variant,MODERATE,4,,c.782T>C,p.Met261Thr,1005,782,261,,,19.55,0.562,,,,2,47639689,T,C,4.07E-06,0
MSH2,c.792G>C,3,g.47639699G>C,"missense_variant,splice_region_variant",MODERATE,4,,c.792G>C,p.Gln264His,1015,792,264,0.9999983557,0.988,23,0.743,-2.063269596,9.857053938,7.793784342,2,47639699,G,C,,
MSH2,c.793G>A,N/A,g.47641408G>A,"missense_variant,splice_region_variant",MODERATE,5,,c.793G>A,p.Val265Ile,1016,793,265,0.9992955161,0.944,22.7,0.362,9.225624357,1.127086625,10.35271098,2,47641408,G,A,,
MSH2,c.797C>T,N/A,g.47641412C>T,missense_variant,MODERATE,5,,c.797C>T,p.Ala266Val,1020,797,266,,,34,0.917,,,,2,47641412,C,T,,
MSH2,c.806C>T,3,g.47641421C>T,missense_variant,MODERATE,5,,c.806C>T,p.Ser269Leu,1029,806,269,,,33,0.718,,,,2,47641421,C,T,,
MSH2,c.814_815delinsAT,3,g.47641429_47641430delinsAT,missense_variant,MODERATE,5,,c.814_815delinsAT,p.Ala272Met,1037-1038,814-815,272,,,,,,,,2,47641429,GC,AT,,
MSH2,c.815C>G,N/A,g.47641430C>G,missense_variant,MODERATE,5,,c.815C>G,p.Ala272Gly,1038,815,272,,,33,0.901,,,,2,47641430,C,G,,
MSH2,c.815C>T,3,g.47641430C>T,missense_variant,MODERATE,5,,c.815C>T,p.Ala272Val,1038,815,272,,,35,0.886,,,,2,47641430,C,T,0.0002788,0
MSH2,c.817_818delinsAA,3,g.47641432_47641433delinsAA,missense_variant,MODERATE,5,,c.817_818delinsAA,p.Val273Lys,1040-1041,817-818,273,,,,,,,,2,47641432,GT,AA,,
MSH2,c.835C>G,N/A,g.47641450C>G,missense_variant,MODERATE,5,,c.835C>G,p.Leu279Val,1058,835,279,,,24.3,0.631,,,,2,47641450,C,G,5.09E-05,0
MSH2,c.847G>T,3,g.47641462G>T,missense_variant,MODERATE,5,,c.847G>T,p.Asp283Tyr,1070,847,283,,,29.4,0.878,,,,2,47641462,G,T,4.08E-06,0
MSH2,c.893A>C,N/A,g.47641508A>C,missense_variant,MODERATE,5,,c.893A>C,p.Gln298Pro,1116,893,298,,,27.4,0.954,,,,2,47641508,A,C,,
MSH2,c.905T>C,N/A,g.47641520T>C,missense_variant,MODERATE,5,,c.905T>C,p.Leu302Ser,1128,905,302,,,28.9,0.989,,,,2,47641520,T,C,,
MSH2,c.913G>A,3,g.47641528G>A,missense_variant,MODERATE,5,,c.913G>A,p.Ala305Thr,1136,913,305,,,33,0.929,,,,2,47641528,G,A,5.74E-05,0
MSH2,c.920T>G,N/A,g.47641535T>G,missense_variant,MODERATE,5,,c.920T>G,p.Val307Gly,1143,920,307,,,28,0.869,,,,2,47641535,T,G,,
MSH2,c.929T>C,5,g.47641544T>C,missense_variant,MODERATE,5,,c.929T>C,p.Leu310Pro,1152,929,310,,,31,0.974,,,,2,47641544,T,C,,
MSH2,c.929T>G,3,g.47641544T>G,missense_variant,MODERATE,5,,c.929T>G,p.Leu310Arg,1152,929,310,,,33,0.976,,,,2,47641544,T,G,,
MSH2,c.965G>A,1,g.47643457G>A,missense_variant,MODERATE,6,,c.965G>A,p.Gly322Asp,1188,965,322,,,22.6,0.559,,,,2,47643457,G,A,0.01406,56
MSH2,c.968C>A,3,g.47643460C>A,missense_variant,MODERATE,6,,c.968C>A,p.Ser323Tyr,1191,968,323,,,24.5,0.631,,,,2,47643460,C,A,,
MSH2,c.968C>G,3,g.47643460C>G,missense_variant,MODERATE,6,,c.968C>G,p.Ser323Cys,1191,968,323,,,23.6,0.782,,,,2,47643460,C,G,1.08E-05,0
MSH2,c.980C>T,N/A,g.47643472C>T,missense_variant,MODERATE,6,,c.980C>T,p.Ala327Val,1203,980,327,,,23.3,0.478,,,,2,47643472,C,T,,
MSH2,c.989T>C,4,g.47643481T>C,missense_variant,MODERATE,6,,c.989T>C,p.Leu330Pro,1212,989,330,,,28.8,0.981,,,,2,47643481,T,C,,
MSH2,c.991A>G,3,g.47643483A>G,missense_variant,MODERATE,6,,c.991A>G,p.Asn331Asp,1214,991,331,,,22.1,0.757,,,,2,47643483,A,G,8.12E-06,0
MSH2,c.997T>A,N/A,g.47643489T>A,missense_variant,MODERATE,6,,c.997T>A,p.Cys333Ser,1220,997,333,,,29.1,0.944,,,,2,47643489,T,A,,
MSH2,c.997T>C,3,g.47643489T>C,missense_variant,MODERATE,6,,c.997T>C,p.Cys333Arg,1220,997,333,,,28.2,0.956,,,,2,47643489,T,C,,
MSH2,c.998G>A,5,g.47643490G>A,missense_variant,MODERATE,6,,c.998G>A,p.Cys333Tyr,1221,998,333,,,31,0.951,,,,2,47643490,G,A,,
MSH2,c.998G>T,N/A,g.47643490G>T,missense_variant,MODERATE,6,,c.998G>T,p.Cys333Phe,1221,998,333,,,33,0.958,,,,2,47643490,G,T,,
MSH2,c.1004C>T,3,g.47643496C>T,missense_variant,MODERATE,6,,c.1004C>T,p.Thr335Ile,1227,1004,335,,,33,0.975,,,,2,47643496,C,T,4.06E-06,0
MSH2,c.1006C>T,3,g.47643498C>T,missense_variant,MODERATE,6,,c.1006C>T,p.Pro336Ser,1229,1006,336,,,22.1,0.649,,,,2,47643498,C,T,,
MSH2,c.1012G>A,3,g.47643504G>A,missense_variant,MODERATE,6,,c.1012G>A,p.Gly338Arg,1235,1012,338,,,34,0.973,,,,2,47643504,G,A,,
MSH2,c.1013G>A,5,g.47643505G>A,missense_variant,MODERATE,6,,c.1013G>A,p.Gly338Glu,1236,1013,338,,,33,0.964,,,,2,47643505,G,A,,
MSH2,c.1013G>T,N/A,g.47643505G>T,missense_variant,MODERATE,6,,c.1013G>T,p.Gly338Val,1236,1013,338,,,32,0.975,,,,2,47643505,G,T,,
MSH2,c.1022T>C,4,g.47643514T>C,missense_variant,MODERATE,6,,c.1022T>C,p.Leu341Pro,1245,1022,341,,,31,0.97,,,,2,47643514,T,C,,
MSH2,c.1024G>A,3,g.47643516G>A,missense_variant,MODERATE,6,,c.1024G>A,p.Val342Ile,1247,1024,342,,,22.5,0.102,,,,2,47643516,G,A,,
MSH2,c.1043A>C,N/A,g.47643535A>C,missense_variant,MODERATE,6,,c.1043A>C,p.Gln348Pro,1266,1043,348,,,27,0.931,,,,2,47643535,A,C,,
MSH2,c.1045C>G,3,g.47643537C>G,missense_variant,MODERATE,6,,c.1045C>G,p.Pro349Ala,1268,1045,349,,,26.6,0.993,,,,2,47643537,C,G,9.02E-05,0
MSH2,c.1046C>G,5,g.47643538C>G,missense_variant,MODERATE,6,,c.1046C>G,p.Pro349Arg,1269,1046,349,,,28.5,0.984,,,,2,47643538,C,G,,
MSH2,c.1046C>T,5,g.47643538C>T,missense_variant,MODERATE,6,,c.1046C>T,p.Pro349Leu,1269,1046,349,,,33,0.986,,,,2,47643538,C,T,,
MSH2,c.1046_1047delinsGC,4,g.47643538_47643539delinsGC,missense_variant,MODERATE,6,,c.1046_1047delinsGC,p.Pro349Arg,1269-1270,1046-1047,349,,,,,,,,2,47643538,CT,GC,,
MSH2,c.1067T>A,N/A,g.47643559T>A,missense_variant,MODERATE,6,,c.1067T>A,p.Ile356Lys,1290,1067,356,,,33,0.981,,,,2,47643559,T,A,,
MSH2,c.1069G>C,3,g.47643561G>C,missense_variant,MODERATE,6,,c.1069G>C,p.Glu357Gln,1292,1069,357,,,24.3,0.754,,,,2,47643561,G,C,,
MSH2,c.1077A>T,5,g.47656881A>T,"missense_variant,splice_region_variant",MODERATE,7,,c.1077A>T,p.Arg359Ser,1300,1077,359,0.002357036945,0.282,23.1,0.874,3.957673121,1.289081522,5.246754643,2,47656881,A,T,,
MSH2,c.1082A>G,3,g.47656886A>G,missense_variant,MODERATE,7,,c.1082A>G,p.Asn361Ser,1305,1082,361,,,17.76,0.516,,,,2,47656886,A,G,,
MSH2,c.1086A>T,3,g.47656890A>T,missense_variant,MODERATE,7,,c.1086A>T,p.Leu362Phe,1309,1086,362,,,25,0.796,,,,2,47656890,A,T,,
MSH2,c.1087G>T,N/A,g.47656891G>T,missense_variant,MODERATE,7,,c.1087G>T,p.Val363Leu,1310,1087,363,,,24.9,0.949,,,,2,47656891,G,T,3.25E-05,0
MSH2,c.1093G>A,N/A,g.47656897G>A,missense_variant,MODERATE,7,,c.1093G>A,p.Ala365Thr,1316,1093,365,,,23,0.432,,,,2,47656897,G,A,,
MSH2,c.1108G>A,N/A,g.47656912G>A,missense_variant,MODERATE,7,,c.1108G>A,p.Ala370Thr,1331,1108,370,,,13.01,0.396,,,,2,47656912,G,A,1.22E-05,0
MSH2,c.1144C>T,N/A,g.47656948C>T,missense_variant,MODERATE,7,,c.1144C>T,p.Arg382Cys,1367,1144,382,,,35,0.82,,,,2,47656948,C,T,3.25E-05,0
MSH2,c.1145G>A,3,g.47656949G>A,missense_variant,MODERATE,7,,c.1145G>A,p.Arg382His,1368,1145,382,,,26.2,0.865,,,,2,47656949,G,A,8.12E-06,0
MSH2,c.1148G>T,N/A,g.47656952G>T,missense_variant,MODERATE,7,,c.1148G>T,p.Arg383Leu,1371,1148,383,,,28.7,0.355,,,,2,47656952,G,T,,
MSH2,c.1154C>T,3,g.47656958C>T,missense_variant,MODERATE,7,,c.1154C>T,p.Pro385Leu,1377,1154,385,,,33,0.803,,,,2,47656958,C,T,8.12E-06,0
MSH2,c.1160T>C,N/A,g.47656964T>C,missense_variant,MODERATE,7,,c.1160T>C,p.Leu387Pro,1383,1160,387,,,28.5,0.94,,,,2,47656964,T,C,,
MSH2,c.1164C>G,N/A,g.47656968C>G,missense_variant,MODERATE,7,,c.1164C>G,p.Asn388Lys,1387,1164,388,,,22,0.35,,,,2,47656968,C,G,,
MSH2,c.1168C>G,N/A,g.47656972C>G,missense_variant,MODERATE,7,,c.1168C>G,p.Leu390Val,1391,1168,390,,,25.9,0.223,,,,2,47656972,C,G,,
MSH2,c.1168C>T,1,g.47656972C>T,missense_variant,MODERATE,7,,c.1168C>T,p.Leu390Phe,1391,1168,390,,,24.3,0.683,,,,2,47656972,C,T,0.00145,4
MSH2,c.1178A>T,N/A,g.47656982A>T,missense_variant,MODERATE,7,,c.1178A>T,p.Lys393Met,1401,1178,393,,,29.9,0.947,,,,2,47656982,A,T,,
MSH2,c.1191A>T,N/A,g.47656995A>T,missense_variant,MODERATE,7,,c.1191A>T,p.Gln397His,1414,1191,397,,,15.76,0.05,,,,2,47656995,A,T,,
MSH2,c.1217G>A,3,g.47657021G>A,missense_variant,MODERATE,7,,c.1217G>A,p.Arg406Gln,1440,1217,406,,,23.7,0.234,,,,2,47657021,G,A,8.66E-05,0
MSH2,c.1223A>G,3,g.47657027A>G,missense_variant,MODERATE,7,,c.1223A>G,p.Tyr408Cys,1446,1223,408,,,27.5,0.186,,,,2,47657027,A,G,,
MSH2,c.1225C>A,3,g.47657029C>A,missense_variant,MODERATE,7,,c.1225C>A,p.Gln409Lys,1448,1225,409,,,23.1,0.79,,,,2,47657029,C,A,,
MSH2,c.1229G>T,N/A,g.47657033G>T,missense_variant,MODERATE,7,,c.1229G>T,p.Gly410Val,1452,1229,410,,,18.27,0.443,,,,2,47657033,G,T,,
MSH2,c.1241T>C,3,g.47657045T>C,missense_variant,MODERATE,7,,c.1241T>C,p.Leu414Pro,1464,1241,414,,,29.1,0.9,,,,2,47657045,T,C,,
MSH2,c.1255C>A,2,g.47657059C>A,missense_variant,MODERATE,7,,c.1255C>A,p.Gln419Lys,1478,1255,419,,,10.95,0.509,,,,2,47657059,C,A,0.0005306,1
MSH2,c.1261C>A,3,g.47657065C>A,missense_variant,MODERATE,7,,c.1261C>A,p.Leu421Met,1484,1261,421,,,24.4,0.737,,,,2,47657065,C,A,,
MSH2,c.1261C>G,N/A,g.47657065C>G,missense_variant,MODERATE,7,,c.1261C>G,p.Leu421Val,1484,1261,421,,,25.5,0.797,,,,2,47657065,C,G,4.06E-06,0
MSH2,c.1262T>C,3,g.47657066T>C,missense_variant,MODERATE,7,,c.1262T>C,p.Leu421Pro,1485,1262,421,,,29.7,0.966,,,,2,47657066,T,C,,
MSH2,c.1276G>A,N/A,g.47657080G>A,"missense_variant,splice_region_variant",MODERATE,7,,c.1276G>A,p.Gly426Arg,1499,1276,426,0.9999926395,1,25.4,0.698,1.867594003,7.054372122,8.921966125,2,47657080,G,A,,
MSH2,c.1276G>C,N/A,g.47657080G>C,"missense_variant,splice_region_variant",MODERATE,7,,c.1276G>C,p.Gly426Arg,1499,1276,426,0.9999865952,1,24.9,0.698,4.018394347,4.903571778,8.921966125,2,47657080,G,C,,
MSH2,c.1319T>C,5,g.47672729T>C,missense_variant,MODERATE,8,,c.1319T>C,p.Leu440Pro,1542,1319,440,,,27.3,0.949,,,,2,47672729,T,C,,
MSH2,c.1321A>C,3,g.47672731A>C,missense_variant,MODERATE,8,,c.1321A>C,p.Thr441Pro,1544,1321,441,,,15.98,0.574,,,,2,47672731,A,C,2.89E-05,0
MSH2,c.1327C>G,N/A,g.47672737C>G,missense_variant,MODERATE,8,,c.1327C>G,p.Leu443Val,1550,1327,443,,,23.7,0.617,,,,2,47672737,C,G,,
MSH2,c.1339T>G,3,g.47672749T>G,missense_variant,MODERATE,8,,c.1339T>G,p.Phe447Val,1562,1339,447,,,28.9,0.888,,,,2,47672749,T,G,,
MSH2,c.1358T>A,5,g.47672768T>A,missense_variant,MODERATE,8,,c.1358T>A,p.Met453Lys,1581,1358,453,,,24.5,0.797,,,,2,47672768,T,A,,
MSH2,c.1360A>G,N/A,g.47672770A>G,missense_variant,MODERATE,8,,c.1360A>G,p.Ile454Val,1583,1360,454,,,8.688,0.553,,,,2,47672770,A,G,1.08E-05,0
MSH2,c.1366A>G,N/A,g.47672776A>G,missense_variant,MODERATE,8,,c.1366A>G,p.Thr456Ala,1589,1366,456,,,23.5,0.747,,,,2,47672776,A,G,2.89E-05,0
MSH2,c.1375G>C,N/A,g.47672785G>C,missense_variant,MODERATE,8,,c.1375G>C,p.Asp459His,1598,1375,459,,,29.5,0.885,,,,2,47672785,G,C,,
MSH2,c.1379T>C,N/A,g.47672789T>C,missense_variant,MODERATE,8,,c.1379T>C,p.Met460Thr,1602,1379,460,,,23.2,0.693,,,,2,47672789,T,C,,
MSH2,c.1409T>A,3,g.47690192T>A,missense_variant,MODERATE,9,,c.1409T>A,p.Val470Glu,1632,1409,470,,,33,0.957,,,,2,47690192,T,A,,
MSH2,c.1409T>G,4,g.47690192T>G,missense_variant,MODERATE,9,,c.1409T>G,p.Val470Gly,1632,1409,470,,,28,0.956,,,,2,47690192,T,G,,
MSH2,c.1418C>T,3,g.47690201C>T,missense_variant,MODERATE,9,,c.1418C>T,p.Ser473Leu,1641,1418,473,,,34,0.909,,,,2,47690201,C,T,1.08E-05,0
MSH2,c.1445G>A,N/A,g.47690228G>A,missense_variant,MODERATE,9,,c.1445G>A,p.Arg482Lys,1668,1445,482,,,25.7,0.792,,,,2,47690228,G,A,,
MSH2,c.1461C>G,3,g.47690244C>G,missense_variant,MODERATE,9,,c.1461C>G,p.Asp487Glu,1684,1461,487,,,11.16,0.441,,,,2,47690244,C,G,4.69E-05,0
MSH2,c.1465G>A,N/A,g.47690248G>A,missense_variant,MODERATE,9,,c.1465G>A,p.Glu489Lys,1688,1465,489,,,26.9,0.772,,,,2,47690248,G,A,4.06E-06,0
MSH2,c.1484C>T,N/A,g.47690267C>T,missense_variant,MODERATE,9,,c.1484C>T,p.Thr495Ile,1707,1484,495,,,21.6,0.464,,,,2,47690267,C,T,8.13E-06,0
MSH2,c.1508T>C,3,g.47690291T>C,"missense_variant,splice_region_variant",MODERATE,9,,c.1508T>C,p.Leu503Pro,1731,1508,503,0.02450251088,0.316,26.5,0.783,9.448592169,-0.6030704739,8.845521695,2,47690291,T,C,,
MSH2,c.1510G>C,3,g.47690293G>C,"missense_variant,splice_region_variant",MODERATE,9,,c.1510G>C,p.Gly504Arg,1733,1510,504,0.9999951399,0.998,27.8,0.801,5.529463198,3.316058497,8.845521695,2,47690293,G,C,,
MSH2,c.1516G>T,3,g.47693802G>T,missense_variant,MODERATE,10,,c.1516G>T,p.Asp506Tyr,1739,1516,506,,,32,0.783,,,,2,47693802,G,T,,
MSH2,c.1522G>A,3,g.47693808G>A,missense_variant,MODERATE,10,,c.1522G>A,p.Gly508Ser,1745,1522,508,,,25,0.596,,,,2,47693808,G,A,,
MSH2,c.1547G>T,3,g.47693833G>T,missense_variant,MODERATE,10,,c.1547G>T,p.Ser516Ile,1770,1547,516,,,23.8,0.589,,,,2,47693833,G,T,,
MSH2,c.1555T>C,N/A,g.47693841T>C,missense_variant,MODERATE,10,,c.1555T>C,p.Phe519Leu,1778,1555,519,,,14.15,0.362,,,,2,47693841,T,C,,
MSH2,c.1567T>A,3,g.47693853T>A,missense_variant,MODERATE,10,,c.1567T>A,p.Phe523Ile,1790,1567,523,,,32,0.775,,,,2,47693853,T,A,,
MSH2,c.1571G>C,4,g.47693857G>C,missense_variant,MODERATE,10,,c.1571G>C,p.Arg524Pro,1794,1571,524,,,33,0.943,,,,2,47693857,G,C,,
MSH2,c.1571G>T,3,g.47693857G>T,missense_variant,MODERATE,10,,c.1571G>T,p.Arg524Leu,1794,1571,524,,,34,0.926,,,,2,47693857,G,T,,
MSH2,c.1579T>G,N/A,g.47693865T>G,missense_variant,MODERATE,10,,c.1579T>G,p.Cys527Gly,1802,1579,527,,,23.8,0.789,,,,2,47693865,T,G,,
MSH2,c.1582A>G,N/A,g.47693868A>G,missense_variant,MODERATE,10,,c.1582A>G,p.Lys528Glu,1805,1582,528,,,31,0.813,,,,2,47693868,A,G,,
MSH2,c.1600C>T,3,g.47693886C>T,missense_variant,MODERATE,10,,c.1600C>T,p.Arg534Cys,1823,1600,534,,,34,0.745,,,,2,47693886,C,T,7.22E-06,0
MSH2,c.1601G>A,N/A,g.47693887G>A,missense_variant,MODERATE,10,,c.1601G>A,p.Arg534His,1824,1601,534,,,34,0.716,,,,2,47693887,G,A,5.28E-05,0
MSH2,c.1618A>G,N/A,g.47693904A>G,missense_variant,MODERATE,10,,c.1618A>G,p.Ser540Gly,1841,1618,540,,,15.09,0.244,,,,2,47693904,A,G,,
MSH2,c.1640A>G,3,g.47693926A>G,missense_variant,MODERATE,10,,c.1640A>G,p.Asn547Ser,1863,1640,547,,,24.3,0.639,,,,2,47693926,A,G,4.06E-06,0
MSH2,c.1642G>T,3,g.47693928G>T,missense_variant,MODERATE,10,,c.1642G>T,p.Gly548Cys,1865,1642,548,,,32,0.936,,,,2,47693928,G,T,,
MSH2,c.1654A>C,3,g.47693940A>C,missense_variant,MODERATE,10,,c.1654A>C,p.Thr552Pro,1877,1654,552,,,25.5,0.834,,,,2,47693940,A,C,,
MSH2,c.1660A>C,3,g.47693946A>C,"missense_variant,splice_region_variant",MODERATE,10,,c.1660A>C,p.Ser554Arg,1883,1660,554,0.9999679971,0.998,24,0.747,1.134602515,3.72195456,4.856557076,2,47693946,A,C,,
MSH2,c.1660A>G,5,g.47693946A>G,"missense_variant,splice_region_variant",MODERATE,10,,c.1660A>G,p.Ser554Gly,1883,1660,554,0.9998841369,0.998,18.67,0.569,0.2370516266,4.619505449,4.856557076,2,47693946,A,G,,
MSH2,c.1660A>T,5,g.47693946A>T,"missense_variant,splice_region_variant",MODERATE,10,,c.1660A>T,p.Ser554Cys,1883,1660,554,0.9999683054,0.992,26,0.783,0.7242565378,4.132300538,4.856557076,2,47693946,A,T,,
MSH2,c.1661G>A,N/A,g.47693947G>A,"missense_variant,splice_region_variant",MODERATE,10,,c.1661G>A,p.Ser554Asn,1884,1661,554,0.9999905937,0.988,19.18,0.503,-2.157287512,7.013844588,4.856557076,2,47693947,G,A,4.06E-06,0
MSH2,c.1661G>C,5,g.47693947G>C,"missense_variant,splice_region_variant",MODERATE,10,,c.1661G>C,p.Ser554Thr,1884,1661,554,0.9999920978,1,20.5,0.614,-7.161911219,12.01846829,4.856557076,2,47693947,G,C,,
MSH2,c.1667T>C,3,g.47698109T>C,missense_variant,MODERATE,11,,c.1667T>C,p.Leu556Ser,1890,1667,556,,,28.1,0.948,,,,2,47698109,T,C,,
MSH2,c.1667T>G,4,g.47698109T>G,missense_variant,MODERATE,11,,c.1667T>G,p.Leu556Trp,1890,1667,556,,,28.1,0.934,,,,2,47698109,T,G,,
MSH2,c.1669A>C,3,g.47698111A>C,missense_variant,MODERATE,11,,c.1669A>C,p.Thr557Pro,1892,1669,557,,,15.1,0.622,,,,2,47698111,A,C,,
MSH2,c.1681G>A,3,g.47698123G>A,missense_variant,MODERATE,11,,c.1681G>A,p.Glu561Lys,1904,1681,561,,,24.6,0.552,,,,2,47698123,G,A,1.63E-05,0
MSH2,c.1685A>T,3,g.47698127A>T,missense_variant,MODERATE,11,,c.1685A>T,p.Glu562Val,1908,1685,562,,,26.5,0.921,,,,2,47698127,A,T,8.15E-06,0
MSH2,c.1688A>C,3,g.47698130A>C,missense_variant,MODERATE,11,,c.1688A>C,p.Tyr563Ser,1911,1688,563,,,29.8,0.953,,,,2,47698130,A,C,,
MSH2,c.1690A>G,1,g.47698132A>G,missense_variant,MODERATE,11,,c.1690A>G,p.Thr564Ala,1913,1690,564,,,10.87,0.489,,,,2,47698132,A,G,0.0002134,0
MSH2,c.1703C>G,N/A,g.47698145C>G,missense_variant,MODERATE,11,,c.1703C>G,p.Thr568Arg,1926,1703,568,,,17.54,0.44,,,,2,47698145,C,G,4.07E-06,0
MSH2,c.1706A>T,N/A,g.47698148A>T,missense_variant,MODERATE,11,,c.1706A>T,p.Glu569Val,1929,1706,569,,,22.9,0.649,,,,2,47698148,A,T,,
MSH2,c.1726G>C,3,g.47698168G>C,missense_variant,MODERATE,11,,c.1726G>C,p.Ala576Pro,1949,1726,576,,,26.2,0.827,,,,2,47698168,G,C,3.23E-05,0
MSH2,c.1730T>C,2,g.47698172T>C,missense_variant,MODERATE,11,,c.1730T>C,p.Ile577Thr,1953,1730,577,,,26.9,0.928,,,,2,47698172,T,C,0.0001481,0
MSH2,c.1748A>C,3,g.47698190A>C,missense_variant,MODERATE,11,,c.1748A>C,p.Asn583Thr,1971,1748,583,,,19.9,0.419,,,,2,47698190,A,C,8.13E-06,0
MSH2,c.1748A>G,3,g.47698190A>G,missense_variant,MODERATE,11,,c.1748A>G,p.Asn583Ser,1971,1748,583,,,12.83,0.298,,,,2,47698190,A,G,0.0001011,0
MSH2,c.1759G>C,5,g.47698201G>C,"missense_variant,splice_region_variant",MODERATE,11,,c.1759G>C,p.Gly587Arg,1982,1759,587,0.9999981224,1,29.9,0.821,-3.665243307,11.48818497,7.822941666,2,47698201,G,C,,
MSH2,c.1759G>T,N/A,g.47698201G>T,"missense_variant,splice_region_variant",MODERATE,11,,c.1759G>T,p.Gly587Cys,1982,1759,587,0.9999930186,1,32,0.878,-0.589690717,8.412632383,7.822941666,2,47698201,G,T,,
MSH2,c.1772C>T,N/A,g.47702176C>T,missense_variant,MODERATE,12,,c.1772C>T,p.Pro591Leu,1995,1772,591,,,26.4,0.807,,,,2,47702176,C,T,4.06E-06,0
MSH2,c.1774A>G,3,g.47702178A>G,missense_variant,MODERATE,12,,c.1774A>G,p.Met592Val,1997,1774,592,,,15.14,0.383,,,,2,47702178,A,G,2.89E-05,0
MSH2,c.1787A>G,3,g.47702191A>G,missense_variant,MODERATE,12,,c.1787A>G,p.Asn596Ser,2010,1787,596,,,14.78,0.385,,,,2,47702191,A,G,0.0002958,0
MSH2,c.1799C>T,3,g.47702203C>T,missense_variant,MODERATE,12,,c.1799C>T,p.Ala600Val,2022,1799,600,,,33,0.942,,,,2,47702203,C,T,,
MSH2,c.1807G>A,3,g.47702211G>A,missense_variant,MODERATE,12,,c.1807G>A,p.Asp603Asn,2030,1807,603,,,33,0.919,,,,2,47702211,G,A,,
MSH2,c.1807G>T,N/A,g.47702211G>T,missense_variant,MODERATE,12,,c.1807G>T,p.Asp603Tyr,2030,1807,603,,,31,0.959,,,,2,47702211,G,T,,
MSH2,c.1808A>G,4,g.47702212A>G,missense_variant,MODERATE,12,,c.1808A>G,p.Asp603Gly,2031,1808,603,,,29.6,0.991,,,,2,47702212,A,G,,
MSH2,c.1808A>T,N/A,g.47702212A>T,missense_variant,MODERATE,12,,c.1808A>T,p.Asp603Val,2031,1808,603,,,28.5,0.987,,,,2,47702212,A,T,,
MSH2,c.1811C>G,N/A,g.47702215C>G,missense_variant,MODERATE,12,,c.1811C>G,p.Ala604Gly,2034,1811,604,,,31,0.878,,,,2,47702215,C,G,,
MSH2,c.1826C>T,3,g.47702230C>T,missense_variant,MODERATE,12,,c.1826C>T,p.Ala609Val,2049,1826,609,,,34,0.966,,,,2,47702230,C,T,,
MSH2,c.1828C>A,3,g.47702232C>A,missense_variant,MODERATE,12,,c.1828C>A,p.His610Asn,2051,1828,610,,,18.22,0.325,,,,2,47702232,C,A,,
MSH2,c.1828C>G,N/A,g.47702232C>G,missense_variant,MODERATE,12,,c.1828C>G,p.His610Asp,2051,1828,610,,,19.37,0.614,,,,2,47702232,C,G,,
MSH2,c.1829A>C,N/A,g.47702233A>C,missense_variant,MODERATE,12,,c.1829A>C,p.His610Pro,2052,1829,610,,,23.1,0.732,,,,2,47702233,A,C,,
MSH2,c.1837A>C,N/A,g.47702241A>C,missense_variant,MODERATE,12,,c.1837A>C,p.Asn613His,2060,1837,613,,,14.37,0.252,,,,2,47702241,A,C,3.66E-05,0
MSH2,c.1856A>G,3,g.47702260A>G,missense_variant,MODERATE,12,,c.1856A>G,p.Tyr619Cys,2079,1856,619,,,26.3,0.908,,,,2,47702260,A,G,4.06E-06,0
MSH2,c.1862G>T,N/A,g.47702266G>T,missense_variant,MODERATE,12,,c.1862G>T,p.Arg621Leu,2085,1862,621,,,34,0.927,,,,2,47702266,G,T,3.23E-05,0
MSH2,c.1864C>A,3,g.47702268C>A,missense_variant,MODERATE,12,,c.1864C>A,p.Pro622Thr,2087,1864,622,,,27.9,0.965,,,,2,47702268,C,A,,
MSH2,c.1865C>A,3,g.47702269C>A,missense_variant,MODERATE,12,,c.1865C>A,p.Pro622Gln,2088,1865,622,,,32,0.96,,,,2,47702269,C,A,,
MSH2,c.1865C>G,N/A,g.47702269C>G,missense_variant,MODERATE,12,,c.1865C>G,p.Pro622Arg,2088,1865,622,,,28.7,0.96,,,,2,47702269,C,G,,
MSH2,c.1865C>T,5,g.47702269C>T,missense_variant,MODERATE,12,,c.1865C>T,p.Pro622Leu,2088,1865,622,,,33,0.96,,,,2,47702269,C,T,,
MSH2,c.1873T>G,3,g.47702277T>G,missense_variant,MODERATE,12,,c.1873T>G,p.Leu625Val,2096,1873,625,,,9.428,0.522,,,,2,47702277,T,G,,
MSH2,c.1881A>C,3,g.47702285A>C,missense_variant,MODERATE,12,,c.1881A>C,p.Lys627Asn,2104,1881,627,,,23.6,0.488,,,,2,47702285,A,C,,
MSH2,c.1886A>G,1,g.47702290A>G,missense_variant,MODERATE,12,,c.1886A>G,p.Gln629Arg,2109,1886,629,,,11.73,0.513,,,,2,47702290,A,G,0.001144,1
MSH2,c.1906G>C,5,g.47702310G>C,missense_variant,MODERATE,12,,c.1906G>C,p.Ala636Pro,2129,1906,636,,,24.7,0.636,,,,2,47702310,G,C,1.62E-05,0
MSH2,c.1907C>T,3,g.47702311C>T,missense_variant,MODERATE,12,,c.1907C>T,p.Ala636Val,2130,1907,636,,,23.3,0.547,,,,2,47702311,C,T,4.06E-06,0
MSH2,c.1912A>G,3,g.47702316A>G,missense_variant,MODERATE,12,,c.1912A>G,p.Arg638Gly,2135,1912,638,,,27.8,0.949,,,,2,47702316,A,G,,
MSH2,c.1915C>T,5,g.47702319C>T,missense_variant,MODERATE,12,,c.1915C>T,p.His639Tyr,2138,1915,639,,,32,0.938,,,,2,47702319,C,T,,
MSH2,c.1916A>G,3,g.47702320A>G,missense_variant,MODERATE,12,,c.1916A>G,p.His639Arg,2139,1916,639,,,26.9,0.971,,,,2,47702320,A,G,,
MSH2,c.1917T>A,3,g.47702321T>A,missense_variant,MODERATE,12,,c.1917T>A,p.His639Gln,2140,1917,639,,,26.9,0.894,,,,2,47702321,T,A,,
MSH2,c.1921T>G,3,g.47702325T>G,missense_variant,MODERATE,12,,c.1921T>G,p.Cys641Gly,2144,1921,641,,,27.4,0.814,,,,2,47702325,T,G,,
MSH2,c.1933C>G,3,g.47702337C>G,missense_variant,MODERATE,12,,c.1933C>G,p.Gln645Glu,2156,1933,645,,,26.2,0.595,,,,2,47702337,C,G,1.22E-05,0
MSH2,c.1937A>G,N/A,g.47702341A>G,missense_variant,MODERATE,12,,c.1937A>G,p.Asp646Gly,2160,1937,646,,,28.1,0.796,,,,2,47702341,A,G,,
MSH2,c.1943T>A,N/A,g.47702347T>A,missense_variant,MODERATE,12,,c.1943T>A,p.Ile648Asn,2166,1943,648,,,26.8,0.447,,,,2,47702347,T,A,2.03E-05,0
MSH2,c.1954C>T,N/A,g.47702358C>T,missense_variant,MODERATE,12,,c.1954C>T,p.Pro652Ser,2177,1954,652,,,25.7,0.82,,,,2,47702358,C,T,,
MSH2,c.1955C>A,4,g.47702359C>A,missense_variant,MODERATE,12,,c.1955C>A,p.Pro652His,2178,1955,652,,,31,0.879,,,,2,47702359,C,A,,
MSH2,c.1963G>A,3,g.47702367G>A,missense_variant,MODERATE,12,,c.1963G>A,p.Val655Ile,2186,1963,655,,,10.82,0.364,,,,2,47702367,G,A,0.0001264,1
MSH2,c.1979A>G,4,g.47702383A>G,missense_variant,MODERATE,12,,c.1979A>G,p.Asp660Gly,2202,1979,660,,,17.66,0.319,,,,2,47702383,A,G,,
MSH2,c.1982A>C,N/A,g.47702386A>C,missense_variant,MODERATE,12,,c.1982A>C,p.Lys661Thr,2205,1982,661,,,20.5,0.495,,,,2,47702386,A,C,,
MSH2,c.1982A>G,N/A,g.47702386A>G,missense_variant,MODERATE,12,,c.1982A>G,p.Lys661Arg,2205,1982,661,,,21.7,0.39,,,,2,47702386,A,G,,
MSH2,c.1986G>C,3,g.47702390G>C,missense_variant,MODERATE,12,,c.1986G>C,p.Gln662His,2209,1986,662,,,20.9,0.477,,,,2,47702390,G,C,,
MSH2,c.1999_2000delinsGG,N/A,g.47702403_47702404delinsGG,missense_variant,MODERATE,12,,c.1999_2000delinsGG,p.Ile667Gly,2222-2223,1999-2000,667,,,,,,,,2,47702403,AT,GG,,
MSH2,c.2005G>C,3,g.47702409G>C,"missense_variant,splice_region_variant",MODERATE,12,,c.2005G>C,p.Gly669Arg,2228,2005,669,0.999995871,0.994,32,0.987,-7.026899352,11.8109821,4.784082744,2,47702409,G,C,,
MSH2,c.2006G>A,3,g.47703506G>A,"missense_variant,splice_region_variant",MODERATE,13,,c.2006G>A,p.Gly669Asp,2229,2006,669,0.9989284093,0.916,32,0.978,7.729347022,0.4972083094,8.226555331,2,47703506,G,A,,
MSH2,c.2006G>C,3,g.47703506G>C,"missense_variant,splice_region_variant",MODERATE,13,,c.2006G>C,p.Gly669Ala,2229,2006,669,0.9998635522,0.984,27.7,0.96,7.068907674,1.157647658,8.226555331,2,47703506,G,C,,
MSH2,c.2006G>T,5,g.47703506G>T,"missense_variant,splice_region_variant",MODERATE,13,,c.2006G>T,p.Gly669Val,2229,2006,669,0.9999114103,0.982,31,0.978,6.264297919,1.962257413,8.226555331,2,47703506,G,T,,
MSH2,c.2009C>T,3,g.47703509C>T,missense_variant,MODERATE,13,,c.2009C>T,p.Pro670Leu,2232,2009,670,,,34,0.729,,,,2,47703509,C,T,1.44E-05,0
MSH2,c.2011A>T,3,g.47703511A>T,missense_variant,MODERATE,13,,c.2011A>T,p.Asn671Tyr,2234,2011,671,,,29.7,0.924,,,,2,47703511,A,T,,
MSH2,c.2013T>A,3,g.47703513T>A,missense_variant,MODERATE,13,,c.2013T>A,p.Asn671Lys,2236,2013,671,,,28.4,0.815,,,,2,47703513,T,A,,
MSH2,c.2020G>A,N/A,g.47703520G>A,missense_variant,MODERATE,13,,c.2020G>A,p.Gly674Ser,2243,2020,674,,,34,0.983,,,,2,47703520,G,A,,
MSH2,c.2020G>C,4,g.47703520G>C,missense_variant,MODERATE,13,,c.2020G>C,p.Gly674Arg,2243,2020,674,,,33,0.984,,,,2,47703520,G,C,,
MSH2,c.2021G>A,4,g.47703521G>A,missense_variant,MODERATE,13,,c.2021G>A,p.Gly674Asp,2244,2021,674,,,34,0.985,,,,2,47703521,G,A,,
MSH2,c.2021G>C,N/A,g.47703521G>C,missense_variant,MODERATE,13,,c.2021G>C,p.Gly674Ala,2244,2021,674,,,29.8,0.99,,,,2,47703521,G,C,,
MSH2,c.2023A>G,5,g.47703523A>G,missense_variant,MODERATE,13,,c.2023A>G,p.Lys675Glu,2246,2023,675,,,33,0.965,,,,2,47703523,A,G,,
MSH2,c.2023_2025delinsGCC,3,g.47703523_47703525delinsGCC,missense_variant,MODERATE,13,,c.2023_2025delinsGCC,p.Lys675Ala,2246-2248,2023-2025,675,,,,,,,,2,47703523,AAA,GCC,,
MSH2,c.2024A>G,N/A,g.47703524A>G,missense_variant,MODERATE,13,,c.2024A>G,p.Lys675Arg,2247,2024,675,,,31,0.95,,,,2,47703524,A,G,,
MSH2,c.2026T>C,3,g.47703526T>C,missense_variant,MODERATE,13,,c.2026T>C,p.Ser676Pro,2249,2026,676,,,32,0.971,,,,2,47703526,T,C,,
MSH2,c.2026T>G,N/A,g.47703526T>G,missense_variant,MODERATE,13,,c.2026T>G,p.Ser676Ala,2249,2026,676,,,31,0.947,,,,2,47703526,T,G,,
MSH2,c.2044A>G,N/A,g.47703544A>G,missense_variant,MODERATE,13,,c.2044A>G,p.Thr682Ala,2267,2044,682,,,16.9,0.398,,,,2,47703544,A,G,,
MSH2,c.2045C>T,3,g.47703545C>T,missense_variant,MODERATE,13,,c.2045C>T,p.Thr682Ile,2268,2045,682,,,14.38,0.401,,,,2,47703545,C,T,,
MSH2,c.2047G>A,5,g.47703547G>A,missense_variant,MODERATE,13,,c.2047G>A,p.Gly683Arg,2270,2047,683,,,33,0.876,,,,2,47703547,G,A,,
MSH2,c.2047G>T,3,g.47703547G>T,missense_variant,MODERATE,13,,c.2047G>T,p.Gly683Trp,2270,2047,683,,,34,0.907,,,,2,47703547,G,T,,
MSH2,c.2060T>C,3,g.47703560T>C,missense_variant,MODERATE,13,,c.2060T>C,p.Leu687Pro,2283,2060,687,,,29.6,0.945,,,,2,47703560,T,C,,
MSH2,c.2063T>G,5,g.47703563T>G,missense_variant,MODERATE,13,,c.2063T>G,p.Met688Arg,2286,2063,688,,,31,0.953,,,,2,47703563,T,G,,
MSH2,c.2064G>A,3,g.47703564G>A,missense_variant,MODERATE,13,,c.2064G>A,p.Met688Ile,2287,2064,688,,,32,0.821,,,,2,47703564,G,A,3.66E-05,0
MSH2,c.2068C>G,3,g.47703568C>G,missense_variant,MODERATE,13,,c.2068C>G,p.Gln690Glu,2291,2068,690,,,28.2,0.87,,,,2,47703568,C,G,,
MSH2,c.2074G>C,4,g.47703574G>C,missense_variant,MODERATE,13,,c.2074G>C,p.Gly692Arg,2297,2074,692,,,33,0.961,,,,2,47703574,G,C,,
MSH2,c.2075G>T,4,g.47703575G>T,missense_variant,MODERATE,13,,c.2075G>T,p.Gly692Val,2298,2075,692,,,32,0.945,,,,2,47703575,G,T,,
MSH2,c.2078G>A,N/A,g.47703578G>A,missense_variant,MODERATE,13,,c.2078G>A,p.Cys693Tyr,2301,2078,693,,,30,0.875,,,,2,47703578,G,A,,
MSH2,c.2080T>C,N/A,g.47703580T>C,missense_variant,MODERATE,13,,c.2080T>C,p.Phe694Leu,2303,2080,694,,,32,0.946,,,,2,47703580,T,C,,
MSH2,c.2081T>C,5,g.47703581T>C,missense_variant,MODERATE,13,,c.2081T>C,p.Phe694Ser,2304,2081,694,,,32,0.957,,,,2,47703581,T,C,,
MSH2,c.2083G>A,N/A,g.47703583G>A,missense_variant,MODERATE,13,,c.2083G>A,p.Val695Met,2306,2083,695,,,32,0.884,,,,2,47703583,G,A,,
MSH2,c.2087C>T,5,g.47703587C>T,missense_variant,MODERATE,13,,c.2087C>T,p.Pro696Leu,2310,2087,696,,,34,0.93,,,,2,47703587,C,T,,
MSH2,c.2089T>C,5,g.47703589T>C,missense_variant,MODERATE,13,,c.2089T>C,p.Cys697Arg,2312,2089,697,,,28.1,0.891,,,,2,47703589,T,C,,
MSH2,c.2090G>A,4,g.47703590G>A,missense_variant,MODERATE,13,,c.2090G>A,p.Cys697Tyr,2313,2090,697,,,29.7,0.854,,,,2,47703590,G,A,,
MSH2,c.2090G>T,5,g.47703590G>T,missense_variant,MODERATE,13,,c.2090G>T,p.Cys697Phe,2313,2090,697,,,32,0.842,,,,2,47703590,G,T,,
MSH2,c.2105T>G,3,g.47703605T>G,missense_variant,MODERATE,13,,c.2105T>G,p.Val702Gly,2328,2105,702,,,29,0.9,,,,2,47703605,T,G,,
MSH2,c.2108C>A,3,g.47703608C>A,missense_variant,MODERATE,13,,c.2108C>A,p.Ser703Tyr,2331,2108,703,,,32,0.722,,,,2,47703608,C,A,,
MSH2,c.2123T>A,3,g.47703623T>A,missense_variant,MODERATE,13,,c.2123T>A,p.Ile708Asn,2346,2123,708,,,34,0.899,,,,2,47703623,T,A,,
MSH2,c.2132G>C,N/A,g.47703632G>C,missense_variant,MODERATE,13,,c.2132G>C,p.Arg711Pro,2355,2132,711,,,35,0.923,,,,2,47703632,G,C,,
MSH2,c.2141C>T,3,g.47703641C>T,missense_variant,MODERATE,13,,c.2141C>T,p.Ala714Val,2364,2141,714,,,34,0.862,,,,2,47703641,C,T,3.23E-05,0
MSH2,c.2164G>A,N/A,g.47703664G>A,missense_variant,MODERATE,13,,c.2164G>A,p.Val722Ile,2387,2164,722,,,25.6,0.497,,,,2,47703664,G,A,6.13E-05,0
MSH2,c.2164G>T,N/A,g.47703664G>T,missense_variant,MODERATE,13,,c.2164G>T,p.Val722Phe,2387,2164,722,,,33,0.704,,,,2,47703664,G,T,,
MSH2,c.2168C>A,N/A,g.47703668C>A,missense_variant,MODERATE,13,,c.2168C>A,p.Ser723Tyr,2391,2168,723,,,34,0.878,,,,2,47703668,C,A,,
MSH2,c.2168C>T,3,g.47703668C>T,missense_variant,MODERATE,13,,c.2168C>T,p.Ser723Phe,2391,2168,723,,,34,0.867,,,,2,47703668,C,T,,
MSH2,c.2171C>A,N/A,g.47703671C>A,missense_variant,MODERATE,13,,c.2171C>A,p.Thr724Lys,2394,2171,724,,,35,0.73,,,,2,47703671,C,A,,
MSH2,c.2178G>C,N/A,g.47703678G>C,missense_variant,MODERATE,13,,c.2178G>C,p.Met726Ile,2401,2178,726,,,32,0.75,,,,2,47703678,G,C,2.44E-05,0
MSH2,c.2187G>T,3,g.47703687G>T,missense_variant,MODERATE,13,,c.2187G>T,p.Met729Ile,2410,2187,729,,,33,0.712,,,,2,47703687,G,T,,
MSH2,c.2197G>A,N/A,g.47703697G>A,missense_variant,MODERATE,13,,c.2197G>A,p.Ala733Thr,2420,2197,733,,,31,0.851,,,,2,47703697,G,A,4.87E-05,0
MSH2,c.2210G>A,N/A,g.47703710G>A,"missense_variant,splice_region_variant",MODERATE,13,,c.2210G>A,p.Arg737Lys,2433,2210,737,0.3084761371,0.394,12.28,0.55,10.0774448,0.7808683049,10.8583131,2,47703710,G,A,,
MSH2,c.2242G>T,3,g.47705442G>T,missense_variant,MODERATE,14,,c.2242G>T,p.Asp748Tyr,2465,2242,748,,,33,0.979,,,,2,47705442,G,T,,
MSH2,c.2245G>A,4,g.47705445G>A,missense_variant,MODERATE,14,,c.2245G>A,p.Glu749Lys,2468,2245,749,,,34,0.976,,,,2,47705445,G,A,,
MSH2,c.2251G>A,5,g.47705451G>A,missense_variant,MODERATE,14,,c.2251G>A,p.Gly751Arg,2474,2251,751,,,34,0.973,,,,2,47705451,G,A,,
MSH2,c.2251G>C,4,g.47705451G>C,missense_variant,MODERATE,14,,c.2251G>C,p.Gly751Arg,2474,2251,751,,,33,0.972,,,,2,47705451,G,C,,
MSH2,c.2276G>A,N/A,g.47705476G>A,missense_variant,MODERATE,14,,c.2276G>A,p.Gly759Glu,2499,2276,759,,,33,0.975,,,,2,47705476,G,A,,
MSH2,c.2287G>C,4,g.47705487G>C,missense_variant,MODERATE,14,,c.2287G>C,p.Ala763Pro,2510,2287,763,,,32,0.926,,,,2,47705487,G,C,,
MSH2,c.2288C>T,N/A,g.47705488C>T,missense_variant,MODERATE,14,,c.2288C>T,p.Ala763Val,2511,2288,763,,,33,0.868,,,,2,47705488,C,T,,
MSH2,c.2292G>C,3,g.47705492G>C,missense_variant,MODERATE,14,,c.2292G>C,p.Trp764Cys,2515,2292,764,,,31,0.849,,,,2,47705492,G,C,,
MSH2,c.2293G>A,N/A,g.47705493G>A,missense_variant,MODERATE,14,,c.2293G>A,p.Ala765Thr,2516,2293,765,,,33,0.922,,,,2,47705493,G,A,,
MSH2,c.2308A>G,3,g.47705508A>G,missense_variant,MODERATE,14,,c.2308A>G,p.Ile770Val,2531,2308,770,,,19.57,0.417,,,,2,47705508,A,G,2.53E-05,0
MSH2,c.2315C>A,N/A,g.47705515C>A,missense_variant,MODERATE,14,,c.2315C>A,p.Thr772Lys,2538,2315,772,,,20.9,0.449,,,,2,47705515,C,A,,
MSH2,c.2337G>A,3,g.47705537G>A,missense_variant,MODERATE,14,,c.2337G>A,p.Met779Ile,2560,2337,779,,,24.4,0.432,,,,2,47705537,G,A,4.06E-06,0
MSH2,c.2345C>T,N/A,g.47705545C>T,missense_variant,MODERATE,14,,c.2345C>T,p.Thr782Ile,2568,2345,782,,,33,0.957,,,,2,47705545,C,T,,
MSH2,c.2362A>C,N/A,g.47705562A>C,missense_variant,MODERATE,14,,c.2362A>C,p.Thr788Pro,2585,2362,788,,,28.7,0.915,,,,2,47705562,A,C,1.08E-05,0
MSH2,c.2407A>G,N/A,g.47705607A>G,missense_variant,MODERATE,14,,c.2407A>G,p.Thr803Ala,2630,2407,803,,,23,0.617,,,,2,47705607,A,G,,
MSH2,c.2413C>G,N/A,g.47705613C>G,missense_variant,MODERATE,14,,c.2413C>G,p.Leu805Val,2636,2413,805,,,21.7,0.029,,,,2,47705613,C,G,,
MSH2,c.2420C>G,3,g.47705620C>G,missense_variant,MODERATE,14,,c.2420C>G,p.Thr807Ser,2643,2420,807,,,10.5,0.06,,,,2,47705620,C,G,,
MSH2,c.2425G>A,N/A,g.47705625G>A,missense_variant,MODERATE,14,,c.2425G>A,p.Glu809Lys,2648,2425,809,,,17.72,0.414,,,,2,47705625,G,A,0.0002778,0
MSH2,c.2437A>G,3,g.47705637A>G,missense_variant,MODERATE,14,,c.2437A>G,p.Met813Val,2660,2437,813,,,23.3,0.811,,,,2,47705637,A,G,1.22E-05,0
MSH2,c.2439G>A,N/A,g.47705639G>A,missense_variant,MODERATE,14,,c.2439G>A,p.Met813Ile,2662,2439,813,,,25.7,0.748,,,,2,47705639,G,A,7.22E-06,0
MSH2,c.2470C>G,3,g.47707846C>G,missense_variant,MODERATE,15,,c.2470C>G,p.Gln824Glu,2693,2470,824,,,28,0.826,,,,2,47707846,C,G,,
MSH2,c.2479G>A,N/A,g.47707855G>A,missense_variant,MODERATE,15,,c.2479G>A,p.Gly827Arg,2702,2479,827,,,34,0.965,,,,2,47707855,G,A,,
MSH2,c.2492C>A,N/A,g.47707868C>A,missense_variant,MODERATE,15,,c.2492C>A,p.Ala831Glu,2715,2492,831,,,34,0.928,,,,2,47707868,C,A,,
MSH2,c.2500G>A,2,g.47707876G>A,missense_variant,MODERATE,15,,c.2500G>A,p.Ala834Thr,2723,2500,834,,,34,0.855,,,,2,47707876,G,A,0.0001082,0
MSH2,c.2503A>C,3,g.47707879A>C,missense_variant,MODERATE,15,,c.2503A>C,p.Asn835His,2726,2503,835,,,16.6,0.276,,,,2,47707879,A,C,3.61E-05,0
MSH2,c.2516A>G,3,g.47707892A>G,missense_variant,MODERATE,15,,c.2516A>G,p.His839Arg,2739,2516,839,,,20.9,0.574,,,,2,47707892,A,G,2.89E-05,0
MSH2,c.2517T>A,3,g.47707893T>A,missense_variant,MODERATE,15,,c.2517T>A,p.His839Gln,2740,2517,839,,,19.01,0.478,,,,2,47707893,T,A,1.80E-05,0
MSH2,c.2527T>G,N/A,g.47707903T>G,missense_variant,MODERATE,15,,c.2527T>G,p.Cys843Gly,2750,2527,843,,,17.62,0.403,,,,2,47707903,T,G,,
MSH2,c.2533A>G,3,g.47707909A>G,missense_variant,MODERATE,15,,c.2533A>G,p.Lys845Glu,2756,2533,845,,,24.2,0.811,,,,2,47707909,A,G,,
MSH2,c.2551C>A,3,g.47707927C>A,missense_variant,MODERATE,15,,c.2551C>A,p.Leu851Ile,2774,2551,851,,,26.7,0.726,,,,2,47707927,C,A,1.62E-05,0
MSH2,c.2558A>C,3,g.47707934A>C,missense_variant,MODERATE,15,,c.2558A>C,p.Glu853Ala,2781,2558,853,,,16.79,0.719,,,,2,47707934,A,C,1.80E-05,0
MSH2,c.2558A>G,3,g.47707934A>G,missense_variant,MODERATE,15,,c.2558A>G,p.Glu853Gly,2781,2558,853,,,23.2,0.81,,,,2,47707934,A,G,4.06E-06,0
MSH2,c.2565G>T,N/A,g.47707941G>T,missense_variant,MODERATE,15,,c.2565G>T,p.Gln855His,2788,2565,855,,,17.16,0.551,,,,2,47707941,G,T,,
MSH2,c.2567A>G,3,g.47707943A>G,missense_variant,MODERATE,15,,c.2567A>G,p.Tyr856Cys,2790,2567,856,,,10.72,0.401,,,,2,47707943,A,G,4.06E-06,0
MSH2,c.2579C>T,2,g.47707955C>T,missense_variant,MODERATE,15,,c.2579C>T,p.Ser860Leu,2802,2579,860,,,20.7,0.395,,,,2,47707955,C,T,4.06E-06,0
MSH2,c.2581C>G,N/A,g.47707957C>G,missense_variant,MODERATE,15,,c.2581C>G,p.Gln861Glu,2804,2581,861,,,0.009,0.388,,,,2,47707957,C,G,,
MSH2,c.2602C>G,3,g.47707978C>G,missense_variant,MODERATE,15,,c.2602C>G,p.Pro868Ala,2825,2602,868,,,16.95,0.563,,,,2,47707978,C,G,,
MSH2,c.2609C>G,3,g.47707985C>G,missense_variant,MODERATE,15,,c.2609C>G,p.Ala870Gly,2832,2609,870,,,22.3,0.486,,,,2,47707985,C,G,,
MSH2,c.2613G>T,N/A,g.47707989G>T,missense_variant,MODERATE,15,,c.2613G>T,p.Lys871Asn,2836,2613,871,,,29.7,0.633,,,,2,47707989,G,T,4.06E-06,0
MSH2,c.2617T>G,3,g.47707993T>G,missense_variant,MODERATE,15,,c.2617T>G,p.Cys873Gly,2840,2617,873,,,17.09,0.565,,,,2,47707993,T,G,,
MSH2,c.2634G>C,4,g.47708010G>C,"missense_variant,splice_region_variant",MODERATE,15,,c.2634G>C,p.Glu878Asp,2857,2634,878,0.9999972912,1,23.1,0.55,-2.493102598,8.855952638,6.36285004,2,47708010,G,C,,
MSH2,c.2651T>G,3,g.47709934T>G,missense_variant,MODERATE,16,,c.2651T>G,p.Ile884Ser,2874,2651,884,,,30,0.912,,,,2,47709934,T,G,,
MSH2,c.2657A>G,3,g.47709940A>G,missense_variant,MODERATE,16,,c.2657A>G,p.Glu886Gly,2880,2657,886,,,22.8,0.583,,,,2,47709940,A,G,,
MSH2,c.2663T>G,N/A,g.47709946T>G,missense_variant,MODERATE,16,,c.2663T>G,p.Leu888Arg,2886,2663,888,,,29.3,0.891,,,,2,47709946,T,G,,
MSH2,c.2714C>G,2,g.47709997C>G,missense_variant,MODERATE,16,,c.2714C>G,p.Thr905Arg,2937,2714,905,,,14.04,0.513,,,,2,47709997,C,G,1.08E-05,0
MSH2,c.2714C>T,3,g.47709997C>T,missense_variant,MODERATE,16,,c.2714C>T,p.Thr905Ile,2937,2714,905,,,15.13,0.431,,,,2,47709997,C,T,7.95E-05,0
MSH2,c.2722T>A,3,g.47710005T>A,missense_variant,MODERATE,16,,c.2722T>A,p.Leu908Ile,2945,2722,908,,,14.98,0.511,,,,2,47710005,T,A,,
MSH2,c.2726A>T,N/A,g.47710009A>T,missense_variant,MODERATE,16,,c.2726A>T,p.Lys909Ile,2949,2726,909,,,20.3,0.643,,,,2,47710009,A,T,,
MSH2,c.2732T>C,N/A,g.47710015T>C,missense_variant,MODERATE,16,,c.2732T>C,p.Leu911Pro,2955,2732,911,,,28.6,0.886,,,,2,47710015,T,C,,
MSH2,c.2732T>G,3,g.47710015T>G,missense_variant,MODERATE,16,,c.2732T>G,p.Leu911Arg,2955,2732,911,,,29.9,0.913,,,,2,47710015,T,G,6.16E-05,0
MSH2,c.2768T>A,3,g.47710051T>A,missense_variant,MODERATE,16,,c.2768T>A,p.Val923Glu,2991,2768,923,,,32,0.919,,,,2,47710051,T,A,4.11E-06,0
MSH2,c.2790A>G,3,g.47710073A>G,missense_variant,MODERATE,16,,c.2790A>G,p.Ile930Met,3013,2790,930,,,15.91,0.468,,,,2,47710073,A,G,4.10E-06,0
MSH2,c.2792A>C,3,g.47710075A>C,missense_variant,MODERATE,16,,c.2792A>C,p.Lys931Thr,3015,2792,931,,,23.9,0.849,,,,2,47710075,A,C,,
MSH2,c.2798C>T,N/A,g.47710081C>T,missense_variant,MODERATE,16,,c.2798C>T,p.Thr933Ile,3021,2798,933,,,21.8,0.464,,,,2,47710081,C,T,7.30E-06,0
MSH2,c.2801C>T,N/A,g.47710084C>T,missense_variant,MODERATE,16,,c.2801C>T,p.Thr934Met,3024,2801,934,,,24.1,0.35,,,,2,47710084,C,T,5.76E-05,0