gene,cdna_change,insight_class,genomic_dna_change,consequence,impact,exon,HGVSc,HGVSp,cDNA_pos,CDS_pos,protein_pos,ada_score,rf_score,cadd_phred,revel_score,maxentscan_alt,maxentscan_diff,maxentscan_ref,chrom,pos,ref,alt,gnomad_af,num_homozygotes
MSH2,c.1284C>G,N/A,g.47672694C>G,missense_variant,MODERATE,8,c.1284C>G,p.His428Gln,1507,1284,428,,,19.48,0.643,,,,2,47672694,C,G,4.08E-06,0
MSH2,c.2164G>A,N/A,g.47703664G>A,missense_variant,MODERATE,13,c.2164G>A,p.Val722Ile,2387,2164,722,,,25.6,0.497,,,,2,47703664,G,A,6.13E-05,0
MSH2,c.4G>A,2,g.47630334G>A,missense_variant,MODERATE,1,c.4G>A,p.Ala2Thr,227,4,2,,,33,0.842,,,,2,47630334,G,A,0.0001406,0
MSH2,c.14C>A,3,g.47630344C>A,missense_variant,MODERATE,1,c.14C>A,p.Pro5Gln,237,14,5,,,34,0.827,,,,2,47630344,C,A,,
MSH2,c.23C>T,1,g.47630353C>T,missense_variant,MODERATE,1,c.23C>T,p.Thr8Met,246,23,8,,,23.5,0.572,,,,2,47630353,C,T,0.00272,6
MSH2,c.26T>C,N/A,g.47630356T>C,missense_variant,MODERATE,1,c.26T>C,p.Leu9Pro,249,26,9,,,31,0.859,,,,2,47630356,T,C,,
MSH2,c.38G>T,3,g.47630368G>T,missense_variant,MODERATE,1,c.38G>T,p.Ser13Ile,261,38,13,,,23,0.553,,,,2,47630368,G,T,,
MSH2,c.49G>T,3,g.47630379G>T,missense_variant,MODERATE,1,c.49G>T,p.Val17Phe,272,49,17,,,10.57,0.334,,,,2,47630379,G,T,,
MSH2,c.55T>C,N/A,g.47630385T>C,missense_variant,MODERATE,1,c.55T>C,p.Phe19Leu,278,55,19,,,32,0.928,,,,2,47630385,T,C,0.000172,0
MSH2,c.97A>C,3,g.47630427A>C,missense_variant,MODERATE,1,c.97A>C,p.Thr33Pro,320,97,33,,,23.8,0.819,,,,2,47630427,A,C,5.62E-05,0
MSH2,c.97A>G,3,g.47630427A>G,missense_variant,MODERATE,1,c.97A>G,p.Thr33Ala,320,97,33,,,22.6,0.651,,,,2,47630427,A,G,1.38E-05,0
MSH2,c.101T>A,N/A,g.47630431T>A,missense_variant,MODERATE,1,c.101T>A,p.Val34Glu,324,101,34,,,23.8,0.852,,,,2,47630431,T,A,,
MSH2,c.114C>G,3,g.47630444C>G,missense_variant,MODERATE,1,c.114C>G,p.Asp38Glu,337,114,38,,,18.91,0.569,,,,2,47630444,C,G,2.37E-05,0
MSH2,c.118G>A,3,g.47630448G>A,missense_variant,MODERATE,1,c.118G>A,p.Gly40Ser,341,118,40,,,21,0.554,,,,2,47630448,G,A,,
MSH2,c.124_126delinsGCA,N/A,g.47630454_47630456delinsGCA,missense_variant,MODERATE,1,c.124_126delinsGCA,p.Phe42Ala,347-349,124-126,42,,,,,,,,2,47630454,TTC,GCA,,
MSH2,c.128A>G,3,g.47630458A>G,missense_variant,MODERATE,1,c.128A>G,p.Tyr43Cys,351,128,43,,,26.2,0.875,,,,2,47630458,A,G,7.02E-05,0
MSH2,c.131C>T,3,g.47630461C>T,missense_variant,MODERATE,1,c.131C>T,p.Thr44Met,354,131,44,,,29.2,0.889,,,,2,47630461,C,T,,
MSH2,c.134C>T,3,g.47630464C>T,missense_variant,MODERATE,1,c.134C>T,p.Ala45Val,357,134,45,,,8.518,0.479,,,,2,47630464,C,T,,
MSH2,c.138C>G,3,g.47630468C>G,missense_variant,MODERATE,1,c.138C>G,p.His46Gln,361,138,46,,,28.8,0.887,,,,2,47630468,C,G,0.0002265,1
MSH2,c.146A>T,3,g.47630476A>T,missense_variant,MODERATE,1,c.146A>T,p.Asp49Val,369,146,49,,,27.1,0.939,,,,2,47630476,A,T,8.80E-06,0
MSH2,c.169G>A,3,g.47630499G>A,missense_variant,MODERATE,1,c.169G>A,p.Val57Met,392,169,57,,,32,0.834,,,,2,47630499,G,A,,
MSH2,c.182A>C,3,g.47630512A>C,missense_variant,MODERATE,1,c.182A>C,p.Gln61Pro,405,182,61,,,23.2,0.72,,,,2,47630512,A,C,4.38E-06,0
MSH2,c.183G>T,N/A,g.47630513G>T,missense_variant,MODERATE,1,c.183G>T,p.Gln61His,406,183,61,,,19.13,0.505,,,,2,47630513,G,T,7.72E-05,0
MSH2,c.209C>T,N/A,g.47630539C>T,"missense_variant,splice_region_variant",MODERATE,1,c.209C>T,p.Ala70Val,432,209,70,0.9959376291,0.838,23.3,0.44,7.648241044,2.420114812,10.06835586,2,47630539,C,T,,
MSH2,c.212G>A,N/A,g.47635540G>A,"missense_variant,splice_region_variant",MODERATE,2,c.212G>A,p.Gly71Glu,435,212,71,0.9978730104,0.812,18.68,0.654,6.207712229,2.300157127,8.507869356,2,47635540,G,A,4.13E-06,0
MSH2,c.244A>G,N/A,g.47635572A>G,missense_variant,MODERATE,2,c.244A>G,p.Lys82Glu,467,244,82,,,17.92,0.735,,,,2,47635572,A,G,,
MSH2,c.260C>G,N/A,g.47635588C>G,missense_variant,MODERATE,2,c.260C>G,p.Ser87Cys,483,260,87,,,21.3,0.658,,,,2,47635588,C,G,7.23E-06,0
MSH2,c.274C>G,3,g.47635602C>G,missense_variant,MODERATE,2,c.274C>G,p.Leu92Val,497,274,92,,,21.6,0.748,,,,2,47635602,C,G,6.10E-05,0
MSH2,c.277C>T,4,g.47635605C>T,missense_variant,MODERATE,2,c.277C>T,p.Leu93Phe,500,277,93,,,25.4,0.87,,,,2,47635605,C,T,,
MSH2,c.278T>C,N/A,g.47635606T>C,missense_variant,MODERATE,2,c.278T>C,p.Leu93Pro,501,278,93,,,24.5,0.94,,,,2,47635606,T,C,,
MSH2,c.287G>A,2,g.47635615G>A,missense_variant,MODERATE,2,c.287G>A,p.Arg96His,510,287,96,,,25,0.727,,,,2,47635615,G,A,2.17E-05,0
MSH2,c.293A>G,3,g.47635621A>G,missense_variant,MODERATE,2,c.293A>G,p.Tyr98Cys,516,293,98,,,24.3,0.876,,,,2,47635621,A,G,4.06E-06,0
MSH2,c.304G>A,2,g.47635632G>A,missense_variant,MODERATE,2,c.304G>A,p.Val102Ile,527,304,102,,,9.196,0.701,,,,2,47635632,G,A,2.03E-05,0
MSH2,c.308A>G,3,g.47635636A>G,missense_variant,MODERATE,2,c.308A>G,p.Tyr103Cys,531,308,103,,,23,0.655,,,,2,47635636,A,G,,
MSH2,c.317G>A,1,g.47635645G>A,missense_variant,MODERATE,2,c.317G>A,p.Arg106Lys,540,317,106,,,0.01,0.362,,,,2,47635645,G,A,6.10E-05,0
MSH2,c.319G>C,3,g.47635647G>C,missense_variant,MODERATE,2,c.319G>C,p.Ala107Pro,542,319,107,,,22.2,0.643,,,,2,47635647,G,C,4.06E-06,0
MSH2,c.329A>G,3,g.47635657A>G,missense_variant,MODERATE,2,c.329A>G,p.Lys110Arg,552,329,110,,,11.61,0.569,,,,2,47635657,A,G,,
MSH2,c.332C>T,N/A,g.47635660C>T,missense_variant,MODERATE,2,c.332C>T,p.Ala111Val,555,332,111,,,17.85,0.486,,,,2,47635660,C,T,,
MSH2,c.373C>T,N/A,g.47637239C>T,missense_variant,MODERATE,3,c.373C>T,p.Pro125Ser,596,373,125,,,23.5,0.844,,,,2,47637239,C,T,8.13E-06,0
MSH2,c.374C>T,N/A,g.47637240C>T,missense_variant,MODERATE,3,c.374C>T,p.Pro125Leu,597,374,125,,,27.8,0.881,,,,2,47637240,C,T,,
MSH2,c.376G>A,N/A,g.47637242G>A,missense_variant,MODERATE,3,c.376G>A,p.Gly126Ser,599,376,126,,,26.8,0.952,,,,2,47637242,G,A,4.06E-06,0
MSH2,c.376G>C,N/A,g.47637242G>C,missense_variant,MODERATE,3,c.376G>C,p.Gly126Arg,599,376,126,,,26.2,0.954,,,,2,47637242,G,C,,
MSH2,c.380A>G,1,g.47637246A>G,missense_variant,MODERATE,3,c.380A>G,p.Asn127Ser,603,380,127,,,23.2,0.741,,,,2,47637246,A,G,0.007322,70
MSH2,c.380A>T,3,g.47637246A>T,missense_variant,MODERATE,3,c.380A>T,p.Asn127Ile,603,380,127,,,24.4,0.836,,,,2,47637246,A,T,,
MSH2,c.383T>G,N/A,g.47637249T>G,missense_variant,MODERATE,3,c.383T>G,p.Leu128Arg,606,383,128,,,24,0.884,,,,2,47637249,T,G,4.06E-06,0
MSH2,c.415A>G,N/A,g.47637281A>G,missense_variant,MODERATE,3,c.415A>G,p.Asn139Asp,638,415,139,,,8.104,0.43,,,,2,47637281,A,G,,
MSH2,c.421A>G,3,g.47637287A>G,missense_variant,MODERATE,3,c.421A>G,p.Met141Val,644,421,141,,,0.028,0.549,,,,2,47637287,A,G,9.75E-05,0
MSH2,c.435T>G,3,g.47637301T>G,missense_variant,MODERATE,3,c.435T>G,p.Ile145Met,658,435,145,,,12.74,0.557,,,,2,47637301,T,G,0.0002958,0
MSH2,c.442G>C,N/A,g.47637308G>C,missense_variant,MODERATE,3,c.442G>C,p.Val148Leu,665,442,148,,,0.413,0.51,,,,2,47637308,G,C,,
MSH2,c.446G>A,3,g.47637312G>A,missense_variant,MODERATE,3,c.446G>A,p.Gly149Asp,669,446,149,,,24.6,0.818,,,,2,47637312,G,A,,
MSH2,c.458C>G,N/A,g.47637324C>G,missense_variant,MODERATE,3,c.458C>G,p.Ser153Cys,681,458,153,,,23.7,0.569,,,,2,47637324,C,G,4.06E-06,0
MSH2,c.482T>A,5,g.47637348T>A,missense_variant,MODERATE,3,c.482T>A,p.Val161Asp,705,482,161,,,32,0.962,,,,2,47637348,T,A,,
MSH2,c.484G>A,5,g.47637350G>A,missense_variant,MODERATE,3,c.484G>A,p.Gly162Arg,707,484,162,,,33,0.979,,,,2,47637350,G,A,,
MSH2,c.485G>C,3,g.47637351G>C,missense_variant,MODERATE,3,c.485G>C,p.Gly162Ala,708,485,162,,,27,0.941,,,,2,47637351,G,C,,
MSH2,c.488T>A,5,g.47637354T>A,missense_variant,MODERATE,3,c.488T>A,p.Val163Asp,711,488,163,,,28.4,0.903,,,,2,47637354,T,A,,
MSH2,c.488T>G,5,g.47637354T>G,missense_variant,MODERATE,3,c.488T>G,p.Val163Gly,711,488,163,,,25.7,0.919,,,,2,47637354,T,G,4.06E-06,0
MSH2,c.490G>A,5,g.47637356G>A,missense_variant,MODERATE,3,c.490G>A,p.Gly164Arg,713,490,164,,,32,0.887,,,,2,47637356,G,A,,
MSH2,c.490G>T,3,g.47637356G>T,missense_variant,MODERATE,3,c.490G>T,p.Gly164Trp,713,490,164,,,33,0.928,,,,2,47637356,G,T,,
MSH2,c.491G>A,5,g.47637357G>A,missense_variant,MODERATE,3,c.491G>A,p.Gly164Glu,714,491,164,,,26.1,0.886,,,,2,47637357,G,A,,
MSH2,c.493T>G,4,g.47637359T>G,missense_variant,MODERATE,3,c.493T>G,p.Tyr165Asp,716,493,165,,,24.2,0.811,,,,2,47637359,T,G,,
MSH2,c.499G>C,1,g.47637365G>C,missense_variant,MODERATE,3,c.499G>C,p.Asp167His,722,499,167,,,28.9,0.963,,,,2,47637365,G,C,8.30E-05,1
MSH2,c.505A>G,2,g.47637371A>G,missense_variant,MODERATE,3,c.505A>G,p.Ile169Val,728,505,169,,,0.011,0.415,,,,2,47637371,A,G,0.0004473,1
MSH2,c.512G>A,3,g.47637378G>A,missense_variant,MODERATE,3,c.512G>A,p.Arg171Lys,735,512,171,,,26.2,0.593,,,,2,47637378,G,A,6.90E-05,0
MSH2,c.518T>C,3,g.47637384T>C,missense_variant,MODERATE,3,c.518T>C,p.Leu173Pro,741,518,173,,,27.8,0.905,,,,2,47637384,T,C,,
MSH2,c.518T>G,5,g.47637384T>G,missense_variant,MODERATE,3,c.518T>G,p.Leu173Arg,741,518,173,,,28.8,0.906,,,,2,47637384,T,G,,
MSH2,c.524T>C,3,g.47637390T>C,missense_variant,MODERATE,3,c.524T>C,p.Leu175Pro,747,524,175,,,26.5,0.877,,,,2,47637390,T,C,,
MSH2,c.529G>A,3,g.47637395G>A,missense_variant,MODERATE,3,c.529G>A,p.Glu177Lys,752,529,177,,,34,0.933,,,,2,47637395,G,A,,
MSH2,c.529_531delinsCAC,N/A,g.47637395_47637397delinsCAC,missense_variant,MODERATE,3,c.529_531delinsCAC,p.Glu177His,752-754,529-531,177,,,,,,,,2,47637395,GAA,CAC,,
MSH2,c.557A>G,3,g.47637423A>G,missense_variant,MODERATE,3,c.557A>G,p.Asn186Ser,780,557,186,,,24.5,0.769,,,,2,47637423,A,G,0.000101,0
MSH2,c.560T>C,5,g.47637426T>C,missense_variant,MODERATE,3,c.560T>C,p.Leu187Pro,783,560,187,,,27.4,0.956,,,,2,47637426,T,C,,
MSH2,c.560T>G,5,g.47637426T>G,missense_variant,MODERATE,3,c.560T>G,p.Leu187Arg,783,560,187,,,28.7,0.961,,,,2,47637426,T,G,,
MSH2,c.565G>T,3,g.47637431G>T,missense_variant,MODERATE,3,c.565G>T,p.Ala189Ser,788,565,189,,,8.681,0.559,,,,2,47637431,G,T,,
MSH2,c.569_570delinsCT,3,g.47637435_47637436delinsCT,missense_variant,MODERATE,3,c.569_570delinsCT,p.Leu190Pro,792-793,569-570,190,,,,,,,,2,47637435,TC,CT,,
MSH2,c.592G>A,3,g.47637458G>A,missense_variant,MODERATE,3,c.592G>A,p.Glu198Lys,815,592,198,,,32,0.96,,,,2,47637458,G,A,,
MSH2,c.593A>G,1,g.47637459A>G,missense_variant,MODERATE,3,c.593A>G,p.Glu198Gly,816,593,198,,,28.7,0.99,,,,2,47637459,A,G,,
MSH2,c.595T>C,5,g.47637461T>C,missense_variant,MODERATE,3,c.595T>C,p.Cys199Arg,818,595,199,,,26.5,0.939,,,,2,47637461,T,C,,
MSH2,c.596G>A,3,g.47637462G>A,missense_variant,MODERATE,3,c.596G>A,p.Cys199Tyr,819,596,199,,,27.6,0.883,,,,2,47637462,G,A,,
MSH2,c.599T>A,5,g.47637465T>A,missense_variant,MODERATE,3,c.599T>A,p.Val200Asp,822,599,200,,,28,0.872,,,,2,47637465,T,A,,
MSH2,c.607G>A,N/A,g.47637473G>A,missense_variant,MODERATE,3,c.607G>A,p.Gly203Arg,830,607,203,,,19.64,0.538,,,,2,47637473,G,A,1.22E-05,0
MSH2,c.619G>T,N/A,g.47637485G>T,missense_variant,MODERATE,3,c.619G>T,p.Ala207Ser,842,619,207,,,5.877,0.447,,,,2,47637485,G,T,,
MSH2,c.646A>G,3,g.47639553A>G,"missense_variant,splice_region_variant",MODERATE,4,c.646A>G,p.Ile216Val,869,646,216,1.13E-05,0.034,0.004,0.342,8.112350644,-1.738682383,6.373668261,2,47639553,A,G,8.17E-06,0
MSH2,c.672C>G,3,g.47639579C>G,missense_variant,MODERATE,4,c.672C>G,p.Ile224Met,895,672,224,,,23.4,0.674,,,,2,47639579,C,G,,
MSH2,c.709A>G,N/A,g.47639616A>G,missense_variant,MODERATE,4,c.709A>G,p.Ile237Val,932,709,237,,,13.86,0.511,,,,2,47639616,A,G,,
MSH2,c.724A>C,N/A,g.47639631A>C,missense_variant,MODERATE,4,c.724A>C,p.Asn242His,947,724,242,,,26.4,0.794,,,,2,47639631,A,C,,
MSH2,c.728G>A,3,g.47639635G>A,missense_variant,MODERATE,4,c.728G>A,p.Arg243Gln,951,728,243,,,34,0.84,,,,2,47639635,G,A,1.22E-05,0
MSH2,c.736A>C,3,g.47639643A>C,missense_variant,MODERATE,4,c.736A>C,p.Lys246Gln,959,736,246,,,26.2,0.872,,,,2,47639643,A,C,,
MSH2,c.742A>G,3,g.47639649A>G,missense_variant,MODERATE,4,c.742A>G,p.Lys248Glu,965,742,248,,,15.34,0.443,,,,2,47639649,A,G,1.63E-05,0
MSH2,c.782T>C,3,g.47639689T>C,missense_variant,MODERATE,4,c.782T>C,p.Met261Thr,1005,782,261,,,19.55,0.562,,,,2,47639689,T,C,4.07E-06,0
MSH2,c.792G>C,3,g.47639699G>C,"missense_variant,splice_region_variant",MODERATE,4,c.792G>C,p.Gln264His,1015,792,264,0.9999983557,0.988,23,0.743,-2.063269596,9.857053938,7.793784342,2,47639699,G,C,,
MSH2,c.793G>A,N/A,g.47641408G>A,"missense_variant,splice_region_variant",MODERATE,5,c.793G>A,p.Val265Ile,1016,793,265,0.9992955161,0.944,22.7,0.362,9.225624357,1.127086625,10.35271098,2,47641408,G,A,,
MSH2,c.797C>T,N/A,g.47641412C>T,missense_variant,MODERATE,5,c.797C>T,p.Ala266Val,1020,797,266,,,34,0.917,,,,2,47641412,C,T,,
MSH2,c.806C>T,3,g.47641421C>T,missense_variant,MODERATE,5,c.806C>T,p.Ser269Leu,1029,806,269,,,33,0.718,,,,2,47641421,C,T,,
MSH2,c.814_815delinsAT,3,g.47641429_47641430delinsAT,missense_variant,MODERATE,5,c.814_815delinsAT,p.Ala272Met,1037-1038,814-815,272,,,,,,,,2,47641429,GC,AT,,
MSH2,c.815C>G,N/A,g.47641430C>G,missense_variant,MODERATE,5,c.815C>G,p.Ala272Gly,1038,815,272,,,33,0.901,,,,2,47641430,C,G,,
MSH2,c.815C>T,3,g.47641430C>T,missense_variant,MODERATE,5,c.815C>T,p.Ala272Val,1038,815,272,,,35,0.886,,,,2,47641430,C,T,0.0002788,0
MSH2,c.817_818delinsAA,3,g.47641432_47641433delinsAA,missense_variant,MODERATE,5,c.817_818delinsAA,p.Val273Lys,1040-1041,817-818,273,,,,,,,,2,47641432,GT,AA,,
MSH2,c.835C>G,N/A,g.47641450C>G,missense_variant,MODERATE,5,c.835C>G,p.Leu279Val,1058,835,279,,,24.3,0.631,,,,2,47641450,C,G,5.09E-05,0
MSH2,c.847G>T,3,g.47641462G>T,missense_variant,MODERATE,5,c.847G>T,p.Asp283Tyr,1070,847,283,,,29.4,0.878,,,,2,47641462,G,T,4.08E-06,0
MSH2,c.893A>C,N/A,g.47641508A>C,missense_variant,MODERATE,5,c.893A>C,p.Gln298Pro,1116,893,298,,,27.4,0.954,,,,2,47641508,A,C,,
MSH2,c.905T>C,N/A,g.47641520T>C,missense_variant,MODERATE,5,c.905T>C,p.Leu302Ser,1128,905,302,,,28.9,0.989,,,,2,47641520,T,C,,
MSH2,c.913G>A,3,g.47641528G>A,missense_variant,MODERATE,5,c.913G>A,p.Ala305Thr,1136,913,305,,,33,0.929,,,,2,47641528,G,A,5.74E-05,0
MSH2,c.920T>G,N/A,g.47641535T>G,missense_variant,MODERATE,5,c.920T>G,p.Val307Gly,1143,920,307,,,28,0.869,,,,2,47641535,T,G,,
MSH2,c.929T>C,5,g.47641544T>C,missense_variant,MODERATE,5,c.929T>C,p.Leu310Pro,1152,929,310,,,31,0.974,,,,2,47641544,T,C,,
MSH2,c.929T>G,3,g.47641544T>G,missense_variant,MODERATE,5,c.929T>G,p.Leu310Arg,1152,929,310,,,33,0.976,,,,2,47641544,T,G,,
MSH2,c.965G>A,1,g.47643457G>A,missense_variant,MODERATE,6,c.965G>A,p.Gly322Asp,1188,965,322,,,22.6,0.559,,,,2,47643457,G,A,0.01406,56
MSH2,c.968C>A,3,g.47643460C>A,missense_variant,MODERATE,6,c.968C>A,p.Ser323Tyr,1191,968,323,,,24.5,0.631,,,,2,47643460,C,A,,
MSH2,c.968C>G,3,g.47643460C>G,missense_variant,MODERATE,6,c.968C>G,p.Ser323Cys,1191,968,323,,,23.6,0.782,,,,2,47643460,C,G,1.08E-05,0
MSH2,c.980C>T,N/A,g.47643472C>T,missense_variant,MODERATE,6,c.980C>T,p.Ala327Val,1203,980,327,,,23.3,0.478,,,,2,47643472,C,T,,
MSH2,c.989T>C,4,g.47643481T>C,missense_variant,MODERATE,6,c.989T>C,p.Leu330Pro,1212,989,330,,,28.8,0.981,,,,2,47643481,T,C,,
MSH2,c.991A>G,3,g.47643483A>G,missense_variant,MODERATE,6,c.991A>G,p.Asn331Asp,1214,991,331,,,22.1,0.757,,,,2,47643483,A,G,8.12E-06,0
MSH2,c.997T>A,N/A,g.47643489T>A,missense_variant,MODERATE,6,c.997T>A,p.Cys333Ser,1220,997,333,,,29.1,0.944,,,,2,47643489,T,A,,
MSH2,c.997T>C,3,g.47643489T>C,missense_variant,MODERATE,6,c.997T>C,p.Cys333Arg,1220,997,333,,,28.2,0.956,,,,2,47643489,T,C,,
MSH2,c.998G>A,5,g.47643490G>A,missense_variant,MODERATE,6,c.998G>A,p.Cys333Tyr,1221,998,333,,,31,0.951,,,,2,47643490,G,A,,
MSH2,c.998G>T,N/A,g.47643490G>T,missense_variant,MODERATE,6,c.998G>T,p.Cys333Phe,1221,998,333,,,33,0.958,,,,2,47643490,G,T,,
MSH2,c.1004C>T,3,g.47643496C>T,missense_variant,MODERATE,6,c.1004C>T,p.Thr335Ile,1227,1004,335,,,33,0.975,,,,2,47643496,C,T,4.06E-06,0
MSH2,c.1006C>T,3,g.47643498C>T,missense_variant,MODERATE,6,c.1006C>T,p.Pro336Ser,1229,1006,336,,,22.1,0.649,,,,2,47643498,C,T,,
MSH2,c.1012G>A,3,g.47643504G>A,missense_variant,MODERATE,6,c.1012G>A,p.Gly338Arg,1235,1012,338,,,34,0.973,,,,2,47643504,G,A,,
MSH2,c.1013G>A,5,g.47643505G>A,missense_variant,MODERATE,6,c.1013G>A,p.Gly338Glu,1236,1013,338,,,33,0.964,,,,2,47643505,G,A,,
MSH2,c.1013G>T,N/A,g.47643505G>T,missense_variant,MODERATE,6,c.1013G>T,p.Gly338Val,1236,1013,338,,,32,0.975,,,,2,47643505,G,T,,
MSH2,c.1022T>C,4,g.47643514T>C,missense_variant,MODERATE,6,c.1022T>C,p.Leu341Pro,1245,1022,341,,,31,0.97,,,,2,47643514,T,C,,
MSH2,c.1024G>A,3,g.47643516G>A,missense_variant,MODERATE,6,c.1024G>A,p.Val342Ile,1247,1024,342,,,22.5,0.102,,,,2,47643516,G,A,,
MSH2,c.1043A>C,N/A,g.47643535A>C,missense_variant,MODERATE,6,c.1043A>C,p.Gln348Pro,1266,1043,348,,,27,0.931,,,,2,47643535,A,C,,
MSH2,c.1045C>G,3,g.47643537C>G,missense_variant,MODERATE,6,c.1045C>G,p.Pro349Ala,1268,1045,349,,,26.6,0.993,,,,2,47643537,C,G,9.02E-05,0
MSH2,c.1046C>G,5,g.47643538C>G,missense_variant,MODERATE,6,c.1046C>G,p.Pro349Arg,1269,1046,349,,,28.5,0.984,,,,2,47643538,C,G,,
MSH2,c.1046C>T,5,g.47643538C>T,missense_variant,MODERATE,6,c.1046C>T,p.Pro349Leu,1269,1046,349,,,33,0.986,,,,2,47643538,C,T,,
MSH2,c.1046_1047delinsGC,4,g.47643538_47643539delinsGC,missense_variant,MODERATE,6,c.1046_1047delinsGC,p.Pro349Arg,1269-1270,1046-1047,349,,,,,,,,2,47643538,CT,GC,,
MSH2,c.1067T>A,N/A,g.47643559T>A,missense_variant,MODERATE,6,c.1067T>A,p.Ile356Lys,1290,1067,356,,,33,0.981,,,,2,47643559,T,A,,
MSH2,c.1069G>C,3,g.47643561G>C,missense_variant,MODERATE,6,c.1069G>C,p.Glu357Gln,1292,1069,357,,,24.3,0.754,,,,2,47643561,G,C,,
MSH2,c.1077A>T,5,g.47656881A>T,"missense_variant,splice_region_variant",MODERATE,7,c.1077A>T,p.Arg359Ser,1300,1077,359,0.002357036945,0.282,23.1,0.874,3.957673121,1.289081522,5.246754643,2,47656881,A,T,,
MSH2,c.1082A>G,3,g.47656886A>G,missense_variant,MODERATE,7,c.1082A>G,p.Asn361Ser,1305,1082,361,,,17.76,0.516,,,,2,47656886,A,G,,
MSH2,c.1086A>T,3,g.47656890A>T,missense_variant,MODERATE,7,c.1086A>T,p.Leu362Phe,1309,1086,362,,,25,0.796,,,,2,47656890,A,T,,
MSH2,c.1087G>T,N/A,g.47656891G>T,missense_variant,MODERATE,7,c.1087G>T,p.Val363Leu,1310,1087,363,,,24.9,0.949,,,,2,47656891,G,T,3.25E-05,0
MSH2,c.1093G>A,N/A,g.47656897G>A,missense_variant,MODERATE,7,c.1093G>A,p.Ala365Thr,1316,1093,365,,,23,0.432,,,,2,47656897,G,A,,
MSH2,c.1108G>A,N/A,g.47656912G>A,missense_variant,MODERATE,7,c.1108G>A,p.Ala370Thr,1331,1108,370,,,13.01,0.396,,,,2,47656912,G,A,1.22E-05,0
MSH2,c.1144C>T,N/A,g.47656948C>T,missense_variant,MODERATE,7,c.1144C>T,p.Arg382Cys,1367,1144,382,,,35,0.82,,,,2,47656948,C,T,3.25E-05,0
MSH2,c.1145G>A,3,g.47656949G>A,missense_variant,MODERATE,7,c.1145G>A,p.Arg382His,1368,1145,382,,,26.2,0.865,,,,2,47656949,G,A,8.12E-06,0
MSH2,c.1148G>T,N/A,g.47656952G>T,missense_variant,MODERATE,7,c.1148G>T,p.Arg383Leu,1371,1148,383,,,28.7,0.355,,,,2,47656952,G,T,,
MSH2,c.1154C>T,3,g.47656958C>T,missense_variant,MODERATE,7,c.1154C>T,p.Pro385Leu,1377,1154,385,,,33,0.803,,,,2,47656958,C,T,8.12E-06,0
MSH2,c.1160T>C,N/A,g.47656964T>C,missense_variant,MODERATE,7,c.1160T>C,p.Leu387Pro,1383,1160,387,,,28.5,0.94,,,,2,47656964,T,C,,
MSH2,c.1164C>G,N/A,g.47656968C>G,missense_variant,MODERATE,7,c.1164C>G,p.Asn388Lys,1387,1164,388,,,22,0.35,,,,2,47656968,C,G,,
MSH2,c.1168C>G,N/A,g.47656972C>G,missense_variant,MODERATE,7,c.1168C>G,p.Leu390Val,1391,1168,390,,,25.9,0.223,,,,2,47656972,C,G,,
MSH2,c.1168C>T,1,g.47656972C>T,missense_variant,MODERATE,7,c.1168C>T,p.Leu390Phe,1391,1168,390,,,24.3,0.683,,,,2,47656972,C,T,0.00145,4
MSH2,c.1178A>T,N/A,g.47656982A>T,missense_variant,MODERATE,7,c.1178A>T,p.Lys393Met,1401,1178,393,,,29.9,0.947,,,,2,47656982,A,T,,
MSH2,c.1191A>T,N/A,g.47656995A>T,missense_variant,MODERATE,7,c.1191A>T,p.Gln397His,1414,1191,397,,,15.76,0.05,,,,2,47656995,A,T,,
MSH2,c.1217G>A,3,g.47657021G>A,missense_variant,MODERATE,7,c.1217G>A,p.Arg406Gln,1440,1217,406,,,23.7,0.234,,,,2,47657021,G,A,8.66E-05,0
MSH2,c.1223A>G,3,g.47657027A>G,missense_variant,MODERATE,7,c.1223A>G,p.Tyr408Cys,1446,1223,408,,,27.5,0.186,,,,2,47657027,A,G,,
MSH2,c.1225C>A,3,g.47657029C>A,missense_variant,MODERATE,7,c.1225C>A,p.Gln409Lys,1448,1225,409,,,23.1,0.79,,,,2,47657029,C,A,,
MSH2,c.1229G>T,N/A,g.47657033G>T,missense_variant,MODERATE,7,c.1229G>T,p.Gly410Val,1452,1229,410,,,18.27,0.443,,,,2,47657033,G,T,,
MSH2,c.1241T>C,3,g.47657045T>C,missense_variant,MODERATE,7,c.1241T>C,p.Leu414Pro,1464,1241,414,,,29.1,0.9,,,,2,47657045,T,C,,
MSH2,c.1255C>A,2,g.47657059C>A,missense_variant,MODERATE,7,c.1255C>A,p.Gln419Lys,1478,1255,419,,,10.95,0.509,,,,2,47657059,C,A,0.0005306,1
MSH2,c.1261C>A,3,g.47657065C>A,missense_variant,MODERATE,7,c.1261C>A,p.Leu421Met,1484,1261,421,,,24.4,0.737,,,,2,47657065,C,A,,
MSH2,c.1261C>G,N/A,g.47657065C>G,missense_variant,MODERATE,7,c.1261C>G,p.Leu421Val,1484,1261,421,,,25.5,0.797,,,,2,47657065,C,G,4.06E-06,0
MSH2,c.1262T>C,3,g.47657066T>C,missense_variant,MODERATE,7,c.1262T>C,p.Leu421Pro,1485,1262,421,,,29.7,0.966,,,,2,47657066,T,C,,
MSH2,c.1276G>A,N/A,g.47657080G>A,"missense_variant,splice_region_variant",MODERATE,7,c.1276G>A,p.Gly426Arg,1499,1276,426,0.9999926395,1,25.4,0.698,1.867594003,7.054372122,8.921966125,2,47657080,G,A,,
MSH2,c.1276G>C,N/A,g.47657080G>C,"missense_variant,splice_region_variant",MODERATE,7,c.1276G>C,p.Gly426Arg,1499,1276,426,0.9999865952,1,24.9,0.698,4.018394347,4.903571778,8.921966125,2,47657080,G,C,,
MSH2,c.1319T>C,5,g.47672729T>C,missense_variant,MODERATE,8,c.1319T>C,p.Leu440Pro,1542,1319,440,,,27.3,0.949,,,,2,47672729,T,C,,
MSH2,c.1321A>C,3,g.47672731A>C,missense_variant,MODERATE,8,c.1321A>C,p.Thr441Pro,1544,1321,441,,,15.98,0.574,,,,2,47672731,A,C,2.89E-05,0
MSH2,c.1327C>G,N/A,g.47672737C>G,missense_variant,MODERATE,8,c.1327C>G,p.Leu443Val,1550,1327,443,,,23.7,0.617,,,,2,47672737,C,G,,
MSH2,c.1339T>G,3,g.47672749T>G,missense_variant,MODERATE,8,c.1339T>G,p.Phe447Val,1562,1339,447,,,28.9,0.888,,,,2,47672749,T,G,,
MSH2,c.1358T>A,5,g.47672768T>A,missense_variant,MODERATE,8,c.1358T>A,p.Met453Lys,1581,1358,453,,,24.5,0.797,,,,2,47672768,T,A,,
MSH2,c.1360A>G,N/A,g.47672770A>G,missense_variant,MODERATE,8,c.1360A>G,p.Ile454Val,1583,1360,454,,,8.688,0.553,,,,2,47672770,A,G,1.08E-05,0
MSH2,c.1366A>G,N/A,g.47672776A>G,missense_variant,MODERATE,8,c.1366A>G,p.Thr456Ala,1589,1366,456,,,23.5,0.747,,,,2,47672776,A,G,2.89E-05,0
MSH2,c.1375G>C,N/A,g.47672785G>C,missense_variant,MODERATE,8,c.1375G>C,p.Asp459His,1598,1375,459,,,29.5,0.885,,,,2,47672785,G,C,,
MSH2,c.1379T>C,N/A,g.47672789T>C,missense_variant,MODERATE,8,c.1379T>C,p.Met460Thr,1602,1379,460,,,23.2,0.693,,,,2,47672789,T,C,,
MSH2,c.1409T>A,3,g.47690192T>A,missense_variant,MODERATE,9,c.1409T>A,p.Val470Glu,1632,1409,470,,,33,0.957,,,,2,47690192,T,A,,
MSH2,c.1409T>G,4,g.47690192T>G,missense_variant,MODERATE,9,c.1409T>G,p.Val470Gly,1632,1409,470,,,28,0.956,,,,2,47690192,T,G,,
MSH2,c.1418C>T,3,g.47690201C>T,missense_variant,MODERATE,9,c.1418C>T,p.Ser473Leu,1641,1418,473,,,34,0.909,,,,2,47690201,C,T,1.08E-05,0
MSH2,c.1445G>A,N/A,g.47690228G>A,missense_variant,MODERATE,9,c.1445G>A,p.Arg482Lys,1668,1445,482,,,25.7,0.792,,,,2,47690228,G,A,,
MSH2,c.1461C>G,3,g.47690244C>G,missense_variant,MODERATE,9,c.1461C>G,p.Asp487Glu,1684,1461,487,,,11.16,0.441,,,,2,47690244,C,G,4.69E-05,0
MSH2,c.1465G>A,N/A,g.47690248G>A,missense_variant,MODERATE,9,c.1465G>A,p.Glu489Lys,1688,1465,489,,,26.9,0.772,,,,2,47690248,G,A,4.06E-06,0
MSH2,c.1484C>T,N/A,g.47690267C>T,missense_variant,MODERATE,9,c.1484C>T,p.Thr495Ile,1707,1484,495,,,21.6,0.464,,,,2,47690267,C,T,8.13E-06,0
MSH2,c.1508T>C,3,g.47690291T>C,"missense_variant,splice_region_variant",MODERATE,9,c.1508T>C,p.Leu503Pro,1731,1508,503,0.02450251088,0.316,26.5,0.783,9.448592169,-0.6030704739,8.845521695,2,47690291,T,C,,
MSH2,c.1510G>C,3,g.47690293G>C,"missense_variant,splice_region_variant",MODERATE,9,c.1510G>C,p.Gly504Arg,1733,1510,504,0.9999951399,0.998,27.8,0.801,5.529463198,3.316058497,8.845521695,2,47690293,G,C,,
MSH2,c.1516G>T,3,g.47693802G>T,missense_variant,MODERATE,10,c.1516G>T,p.Asp506Tyr,1739,1516,506,,,32,0.783,,,,2,47693802,G,T,,
MSH2,c.1522G>A,3,g.47693808G>A,missense_variant,MODERATE,10,c.1522G>A,p.Gly508Ser,1745,1522,508,,,25,0.596,,,,2,47693808,G,A,,
MSH2,c.1547G>T,3,g.47693833G>T,missense_variant,MODERATE,10,c.1547G>T,p.Ser516Ile,1770,1547,516,,,23.8,0.589,,,,2,47693833,G,T,,
MSH2,c.1555T>C,N/A,g.47693841T>C,missense_variant,MODERATE,10,c.1555T>C,p.Phe519Leu,1778,1555,519,,,14.15,0.362,,,,2,47693841,T,C,,
MSH2,c.1567T>A,3,g.47693853T>A,missense_variant,MODERATE,10,c.1567T>A,p.Phe523Ile,1790,1567,523,,,32,0.775,,,,2,47693853,T,A,,
MSH2,c.1571G>C,4,g.47693857G>C,missense_variant,MODERATE,10,c.1571G>C,p.Arg524Pro,1794,1571,524,,,33,0.943,,,,2,47693857,G,C,,
MSH2,c.1571G>T,3,g.47693857G>T,missense_variant,MODERATE,10,c.1571G>T,p.Arg524Leu,1794,1571,524,,,34,0.926,,,,2,47693857,G,T,,
MSH2,c.1579T>G,N/A,g.47693865T>G,missense_variant,MODERATE,10,c.1579T>G,p.Cys527Gly,1802,1579,527,,,23.8,0.789,,,,2,47693865,T,G,,
MSH2,c.1582A>G,N/A,g.47693868A>G,missense_variant,MODERATE,10,c.1582A>G,p.Lys528Glu,1805,1582,528,,,31,0.813,,,,2,47693868,A,G,,
MSH2,c.1600C>T,3,g.47693886C>T,missense_variant,MODERATE,10,c.1600C>T,p.Arg534Cys,1823,1600,534,,,34,0.745,,,,2,47693886,C,T,7.22E-06,0
MSH2,c.1601G>A,N/A,g.47693887G>A,missense_variant,MODERATE,10,c.1601G>A,p.Arg534His,1824,1601,534,,,34,0.716,,,,2,47693887,G,A,5.28E-05,0
MSH2,c.1618A>G,N/A,g.47693904A>G,missense_variant,MODERATE,10,c.1618A>G,p.Ser540Gly,1841,1618,540,,,15.09,0.244,,,,2,47693904,A,G,,
MSH2,c.1640A>G,3,g.47693926A>G,missense_variant,MODERATE,10,c.1640A>G,p.Asn547Ser,1863,1640,547,,,24.3,0.639,,,,2,47693926,A,G,4.06E-06,0
MSH2,c.1642G>T,3,g.47693928G>T,missense_variant,MODERATE,10,c.1642G>T,p.Gly548Cys,1865,1642,548,,,32,0.936,,,,2,47693928,G,T,,
MSH2,c.1654A>C,3,g.47693940A>C,missense_variant,MODERATE,10,c.1654A>C,p.Thr552Pro,1877,1654,552,,,25.5,0.834,,,,2,47693940,A,C,,
MSH2,c.1660A>C,3,g.47693946A>C,"missense_variant,splice_region_variant",MODERATE,10,c.1660A>C,p.Ser554Arg,1883,1660,554,0.9999679971,0.998,24,0.747,1.134602515,3.72195456,4.856557076,2,47693946,A,C,,
MSH2,c.1660A>G,5,g.47693946A>G,"missense_variant,splice_region_variant",MODERATE,10,c.1660A>G,p.Ser554Gly,1883,1660,554,0.9998841369,0.998,18.67,0.569,0.2370516266,4.619505449,4.856557076,2,47693946,A,G,,
MSH2,c.1660A>T,5,g.47693946A>T,"missense_variant,splice_region_variant",MODERATE,10,c.1660A>T,p.Ser554Cys,1883,1660,554,0.9999683054,0.992,26,0.783,0.7242565378,4.132300538,4.856557076,2,47693946,A,T,,
MSH2,c.1661G>A,N/A,g.47693947G>A,"missense_variant,splice_region_variant",MODERATE,10,c.1661G>A,p.Ser554Asn,1884,1661,554,0.9999905937,0.988,19.18,0.503,-2.157287512,7.013844588,4.856557076,2,47693947,G,A,4.06E-06,0
MSH2,c.1661G>C,5,g.47693947G>C,"missense_variant,splice_region_variant",MODERATE,10,c.1661G>C,p.Ser554Thr,1884,1661,554,0.9999920978,1,20.5,0.614,-7.161911219,12.01846829,4.856557076,2,47693947,G,C,,
MSH2,c.1667T>C,3,g.47698109T>C,missense_variant,MODERATE,11,c.1667T>C,p.Leu556Ser,1890,1667,556,,,28.1,0.948,,,,2,47698109,T,C,,
MSH2,c.1667T>G,4,g.47698109T>G,missense_variant,MODERATE,11,c.1667T>G,p.Leu556Trp,1890,1667,556,,,28.1,0.934,,,,2,47698109,T,G,,
MSH2,c.1669A>C,3,g.47698111A>C,missense_variant,MODERATE,11,c.1669A>C,p.Thr557Pro,1892,1669,557,,,15.1,0.622,,,,2,47698111,A,C,,
MSH2,c.1681G>A,3,g.47698123G>A,missense_variant,MODERATE,11,c.1681G>A,p.Glu561Lys,1904,1681,561,,,24.6,0.552,,,,2,47698123,G,A,1.63E-05,0
MSH2,c.1685A>T,3,g.47698127A>T,missense_variant,MODERATE,11,c.1685A>T,p.Glu562Val,1908,1685,562,,,26.5,0.921,,,,2,47698127,A,T,8.15E-06,0
MSH2,c.1688A>C,3,g.47698130A>C,missense_variant,MODERATE,11,c.1688A>C,p.Tyr563Ser,1911,1688,563,,,29.8,0.953,,,,2,47698130,A,C,,
MSH2,c.1690A>G,1,g.47698132A>G,missense_variant,MODERATE,11,c.1690A>G,p.Thr564Ala,1913,1690,564,,,10.87,0.489,,,,2,47698132,A,G,0.0002134,0
MSH2,c.1703C>G,N/A,g.47698145C>G,missense_variant,MODERATE,11,c.1703C>G,p.Thr568Arg,1926,1703,568,,,17.54,0.44,,,,2,47698145,C,G,4.07E-06,0
MSH2,c.1706A>T,N/A,g.47698148A>T,missense_variant,MODERATE,11,c.1706A>T,p.Glu569Val,1929,1706,569,,,22.9,0.649,,,,2,47698148,A,T,,
MSH2,c.1726G>C,3,g.47698168G>C,missense_variant,MODERATE,11,c.1726G>C,p.Ala576Pro,1949,1726,576,,,26.2,0.827,,,,2,47698168,G,C,3.23E-05,0
MSH2,c.1730T>C,2,g.47698172T>C,missense_variant,MODERATE,11,c.1730T>C,p.Ile577Thr,1953,1730,577,,,26.9,0.928,,,,2,47698172,T,C,0.0001481,0
MSH2,c.1748A>C,3,g.47698190A>C,missense_variant,MODERATE,11,c.1748A>C,p.Asn583Thr,1971,1748,583,,,19.9,0.419,,,,2,47698190,A,C,8.13E-06,0
MSH2,c.1748A>G,3,g.47698190A>G,missense_variant,MODERATE,11,c.1748A>G,p.Asn583Ser,1971,1748,583,,,12.83,0.298,,,,2,47698190,A,G,0.0001011,0
MSH2,c.1759G>C,5,g.47698201G>C,"missense_variant,splice_region_variant",MODERATE,11,c.1759G>C,p.Gly587Arg,1982,1759,587,0.9999981224,1,29.9,0.821,-3.665243307,11.48818497,7.822941666,2,47698201,G,C,,
MSH2,c.1759G>T,N/A,g.47698201G>T,"missense_variant,splice_region_variant",MODERATE,11,c.1759G>T,p.Gly587Cys,1982,1759,587,0.9999930186,1,32,0.878,-0.589690717,8.412632383,7.822941666,2,47698201,G,T,,
MSH2,c.1772C>T,N/A,g.47702176C>T,missense_variant,MODERATE,12,c.1772C>T,p.Pro591Leu,1995,1772,591,,,26.4,0.807,,,,2,47702176,C,T,4.06E-06,0
MSH2,c.1774A>G,3,g.47702178A>G,missense_variant,MODERATE,12,c.1774A>G,p.Met592Val,1997,1774,592,,,15.14,0.383,,,,2,47702178,A,G,2.89E-05,0
MSH2,c.1787A>G,3,g.47702191A>G,missense_variant,MODERATE,12,c.1787A>G,p.Asn596Ser,2010,1787,596,,,14.78,0.385,,,,2,47702191,A,G,0.0002958,0
MSH2,c.1799C>T,3,g.47702203C>T,missense_variant,MODERATE,12,c.1799C>T,p.Ala600Val,2022,1799,600,,,33,0.942,,,,2,47702203,C,T,,
MSH2,c.1807G>A,3,g.47702211G>A,missense_variant,MODERATE,12,c.1807G>A,p.Asp603Asn,2030,1807,603,,,33,0.919,,,,2,47702211,G,A,,
MSH2,c.1807G>T,N/A,g.47702211G>T,missense_variant,MODERATE,12,c.1807G>T,p.Asp603Tyr,2030,1807,603,,,31,0.959,,,,2,47702211,G,T,,
MSH2,c.1808A>G,4,g.47702212A>G,missense_variant,MODERATE,12,c.1808A>G,p.Asp603Gly,2031,1808,603,,,29.6,0.991,,,,2,47702212,A,G,,
MSH2,c.1808A>T,N/A,g.47702212A>T,missense_variant,MODERATE,12,c.1808A>T,p.Asp603Val,2031,1808,603,,,28.5,0.987,,,,2,47702212,A,T,,
MSH2,c.1811C>G,N/A,g.47702215C>G,missense_variant,MODERATE,12,c.1811C>G,p.Ala604Gly,2034,1811,604,,,31,0.878,,,,2,47702215,C,G,,
MSH2,c.1826C>T,3,g.47702230C>T,missense_variant,MODERATE,12,c.1826C>T,p.Ala609Val,2049,1826,609,,,34,0.966,,,,2,47702230,C,T,,
MSH2,c.1828C>A,3,g.47702232C>A,missense_variant,MODERATE,12,c.1828C>A,p.His610Asn,2051,1828,610,,,18.22,0.325,,,,2,47702232,C,A,,
MSH2,c.1828C>G,N/A,g.47702232C>G,missense_variant,MODERATE,12,c.1828C>G,p.His610Asp,2051,1828,610,,,19.37,0.614,,,,2,47702232,C,G,,
MSH2,c.1829A>C,N/A,g.47702233A>C,missense_variant,MODERATE,12,c.1829A>C,p.His610Pro,2052,1829,610,,,23.1,0.732,,,,2,47702233,A,C,,
MSH2,c.1837A>C,N/A,g.47702241A>C,missense_variant,MODERATE,12,c.1837A>C,p.Asn613His,2060,1837,613,,,14.37,0.252,,,,2,47702241,A,C,3.66E-05,0
MSH2,c.1856A>G,3,g.47702260A>G,missense_variant,MODERATE,12,c.1856A>G,p.Tyr619Cys,2079,1856,619,,,26.3,0.908,,,,2,47702260,A,G,4.06E-06,0
MSH2,c.1862G>T,N/A,g.47702266G>T,missense_variant,MODERATE,12,c.1862G>T,p.Arg621Leu,2085,1862,621,,,34,0.927,,,,2,47702266,G,T,3.23E-05,0
MSH2,c.1864C>A,3,g.47702268C>A,missense_variant,MODERATE,12,c.1864C>A,p.Pro622Thr,2087,1864,622,,,27.9,0.965,,,,2,47702268,C,A,,
MSH2,c.1865C>A,3,g.47702269C>A,missense_variant,MODERATE,12,c.1865C>A,p.Pro622Gln,2088,1865,622,,,32,0.96,,,,2,47702269,C,A,,
MSH2,c.1865C>G,N/A,g.47702269C>G,missense_variant,MODERATE,12,c.1865C>G,p.Pro622Arg,2088,1865,622,,,28.7,0.96,,,,2,47702269,C,G,,
MSH2,c.1865C>T,5,g.47702269C>T,missense_variant,MODERATE,12,c.1865C>T,p.Pro622Leu,2088,1865,622,,,33,0.96,,,,2,47702269,C,T,,
MSH2,c.1873T>G,3,g.47702277T>G,missense_variant,MODERATE,12,c.1873T>G,p.Leu625Val,2096,1873,625,,,9.428,0.522,,,,2,47702277,T,G,,
MSH2,c.1881A>C,3,g.47702285A>C,missense_variant,MODERATE,12,c.1881A>C,p.Lys627Asn,2104,1881,627,,,23.6,0.488,,,,2,47702285,A,C,,
MSH2,c.1886A>G,1,g.47702290A>G,missense_variant,MODERATE,12,c.1886A>G,p.Gln629Arg,2109,1886,629,,,11.73,0.513,,,,2,47702290,A,G,0.001144,1
MSH2,c.1906G>C,5,g.47702310G>C,missense_variant,MODERATE,12,c.1906G>C,p.Ala636Pro,2129,1906,636,,,24.7,0.636,,,,2,47702310,G,C,1.62E-05,0
MSH2,c.1907C>T,3,g.47702311C>T,missense_variant,MODERATE,12,c.1907C>T,p.Ala636Val,2130,1907,636,,,23.3,0.547,,,,2,47702311,C,T,4.06E-06,0
MSH2,c.1912A>G,3,g.47702316A>G,missense_variant,MODERATE,12,c.1912A>G,p.Arg638Gly,2135,1912,638,,,27.8,0.949,,,,2,47702316,A,G,,
MSH2,c.1915C>T,5,g.47702319C>T,missense_variant,MODERATE,12,c.1915C>T,p.His639Tyr,2138,1915,639,,,32,0.938,,,,2,47702319,C,T,,
MSH2,c.1916A>G,3,g.47702320A>G,missense_variant,MODERATE,12,c.1916A>G,p.His639Arg,2139,1916,639,,,26.9,0.971,,,,2,47702320,A,G,,
MSH2,c.1917T>A,3,g.47702321T>A,missense_variant,MODERATE,12,c.1917T>A,p.His639Gln,2140,1917,639,,,26.9,0.894,,,,2,47702321,T,A,,
MSH2,c.1921T>G,3,g.47702325T>G,missense_variant,MODERATE,12,c.1921T>G,p.Cys641Gly,2144,1921,641,,,27.4,0.814,,,,2,47702325,T,G,,
MSH2,c.1933C>G,3,g.47702337C>G,missense_variant,MODERATE,12,c.1933C>G,p.Gln645Glu,2156,1933,645,,,26.2,0.595,,,,2,47702337,C,G,1.22E-05,0
MSH2,c.1937A>G,N/A,g.47702341A>G,missense_variant,MODERATE,12,c.1937A>G,p.Asp646Gly,2160,1937,646,,,28.1,0.796,,,,2,47702341,A,G,,
MSH2,c.1943T>A,N/A,g.47702347T>A,missense_variant,MODERATE,12,c.1943T>A,p.Ile648Asn,2166,1943,648,,,26.8,0.447,,,,2,47702347,T,A,2.03E-05,0
MSH2,c.1954C>T,N/A,g.47702358C>T,missense_variant,MODERATE,12,c.1954C>T,p.Pro652Ser,2177,1954,652,,,25.7,0.82,,,,2,47702358,C,T,,
MSH2,c.1955C>A,4,g.47702359C>A,missense_variant,MODERATE,12,c.1955C>A,p.Pro652His,2178,1955,652,,,31,0.879,,,,2,47702359,C,A,,
MSH2,c.1963G>A,3,g.47702367G>A,missense_variant,MODERATE,12,c.1963G>A,p.Val655Ile,2186,1963,655,,,10.82,0.364,,,,2,47702367,G,A,0.0001264,1
MSH2,c.1979A>G,4,g.47702383A>G,missense_variant,MODERATE,12,c.1979A>G,p.Asp660Gly,2202,1979,660,,,17.66,0.319,,,,2,47702383,A,G,,
MSH2,c.1982A>C,N/A,g.47702386A>C,missense_variant,MODERATE,12,c.1982A>C,p.Lys661Thr,2205,1982,661,,,20.5,0.495,,,,2,47702386,A,C,,
MSH2,c.1982A>G,N/A,g.47702386A>G,missense_variant,MODERATE,12,c.1982A>G,p.Lys661Arg,2205,1982,661,,,21.7,0.39,,,,2,47702386,A,G,,
MSH2,c.1986G>C,3,g.47702390G>C,missense_variant,MODERATE,12,c.1986G>C,p.Gln662His,2209,1986,662,,,20.9,0.477,,,,2,47702390,G,C,,
MSH2,c.1999_2000delinsGG,N/A,g.47702403_47702404delinsGG,missense_variant,MODERATE,12,c.1999_2000delinsGG,p.Ile667Gly,2222-2223,1999-2000,667,,,,,,,,2,47702403,AT,GG,,
MSH2,c.2005G>C,3,g.47702409G>C,"missense_variant,splice_region_variant",MODERATE,12,c.2005G>C,p.Gly669Arg,2228,2005,669,0.999995871,0.994,32,0.987,-7.026899352,11.8109821,4.784082744,2,47702409,G,C,,
MSH2,c.2006G>A,3,g.47703506G>A,"missense_variant,splice_region_variant",MODERATE,13,c.2006G>A,p.Gly669Asp,2229,2006,669,0.9989284093,0.916,32,0.978,7.729347022,0.4972083094,8.226555331,2,47703506,G,A,,
MSH2,c.2006G>C,3,g.47703506G>C,"missense_variant,splice_region_variant",MODERATE,13,c.2006G>C,p.Gly669Ala,2229,2006,669,0.9998635522,0.984,27.7,0.96,7.068907674,1.157647658,8.226555331,2,47703506,G,C,,
MSH2,c.2006G>T,5,g.47703506G>T,"missense_variant,splice_region_variant",MODERATE,13,c.2006G>T,p.Gly669Val,2229,2006,669,0.9999114103,0.982,31,0.978,6.264297919,1.962257413,8.226555331,2,47703506,G,T,,
MSH2,c.2009C>T,3,g.47703509C>T,missense_variant,MODERATE,13,c.2009C>T,p.Pro670Leu,2232,2009,670,,,34,0.729,,,,2,47703509,C,T,1.44E-05,0
MSH2,c.2011A>T,3,g.47703511A>T,missense_variant,MODERATE,13,c.2011A>T,p.Asn671Tyr,2234,2011,671,,,29.7,0.924,,,,2,47703511,A,T,,
MSH2,c.2013T>A,3,g.47703513T>A,missense_variant,MODERATE,13,c.2013T>A,p.Asn671Lys,2236,2013,671,,,28.4,0.815,,,,2,47703513,T,A,,
MSH2,c.2020G>A,N/A,g.47703520G>A,missense_variant,MODERATE,13,c.2020G>A,p.Gly674Ser,2243,2020,674,,,34,0.983,,,,2,47703520,G,A,,
MSH2,c.2020G>C,4,g.47703520G>C,missense_variant,MODERATE,13,c.2020G>C,p.Gly674Arg,2243,2020,674,,,33,0.984,,,,2,47703520,G,C,,
MSH2,c.2021G>A,4,g.47703521G>A,missense_variant,MODERATE,13,c.2021G>A,p.Gly674Asp,2244,2021,674,,,34,0.985,,,,2,47703521,G,A,,
MSH2,c.2021G>C,N/A,g.47703521G>C,missense_variant,MODERATE,13,c.2021G>C,p.Gly674Ala,2244,2021,674,,,29.8,0.99,,,,2,47703521,G,C,,
MSH2,c.2023A>G,5,g.47703523A>G,missense_variant,MODERATE,13,c.2023A>G,p.Lys675Glu,2246,2023,675,,,33,0.965,,,,2,47703523,A,G,,
MSH2,c.2023_2025delinsGCC,3,g.47703523_47703525delinsGCC,missense_variant,MODERATE,13,c.2023_2025delinsGCC,p.Lys675Ala,2246-2248,2023-2025,675,,,,,,,,2,47703523,AAA,GCC,,
MSH2,c.2024A>G,N/A,g.47703524A>G,missense_variant,MODERATE,13,c.2024A>G,p.Lys675Arg,2247,2024,675,,,31,0.95,,,,2,47703524,A,G,,
MSH2,c.2026T>C,3,g.47703526T>C,missense_variant,MODERATE,13,c.2026T>C,p.Ser676Pro,2249,2026,676,,,32,0.971,,,,2,47703526,T,C,,
MSH2,c.2026T>G,N/A,g.47703526T>G,missense_variant,MODERATE,13,c.2026T>G,p.Ser676Ala,2249,2026,676,,,31,0.947,,,,2,47703526,T,G,,
MSH2,c.2044A>G,N/A,g.47703544A>G,missense_variant,MODERATE,13,c.2044A>G,p.Thr682Ala,2267,2044,682,,,16.9,0.398,,,,2,47703544,A,G,,
MSH2,c.2045C>T,3,g.47703545C>T,missense_variant,MODERATE,13,c.2045C>T,p.Thr682Ile,2268,2045,682,,,14.38,0.401,,,,2,47703545,C,T,,
MSH2,c.2047G>A,5,g.47703547G>A,missense_variant,MODERATE,13,c.2047G>A,p.Gly683Arg,2270,2047,683,,,33,0.876,,,,2,47703547,G,A,,
MSH2,c.2047G>T,3,g.47703547G>T,missense_variant,MODERATE,13,c.2047G>T,p.Gly683Trp,2270,2047,683,,,34,0.907,,,,2,47703547,G,T,,
MSH2,c.2060T>C,3,g.47703560T>C,missense_variant,MODERATE,13,c.2060T>C,p.Leu687Pro,2283,2060,687,,,29.6,0.945,,,,2,47703560,T,C,,
MSH2,c.2063T>G,5,g.47703563T>G,missense_variant,MODERATE,13,c.2063T>G,p.Met688Arg,2286,2063,688,,,31,0.953,,,,2,47703563,T,G,,
MSH2,c.2064G>A,3,g.47703564G>A,missense_variant,MODERATE,13,c.2064G>A,p.Met688Ile,2287,2064,688,,,32,0.821,,,,2,47703564,G,A,3.66E-05,0
MSH2,c.2068C>G,3,g.47703568C>G,missense_variant,MODERATE,13,c.2068C>G,p.Gln690Glu,2291,2068,690,,,28.2,0.87,,,,2,47703568,C,G,,
MSH2,c.2074G>C,4,g.47703574G>C,missense_variant,MODERATE,13,c.2074G>C,p.Gly692Arg,2297,2074,692,,,33,0.961,,,,2,47703574,G,C,,
MSH2,c.2075G>T,4,g.47703575G>T,missense_variant,MODERATE,13,c.2075G>T,p.Gly692Val,2298,2075,692,,,32,0.945,,,,2,47703575,G,T,,
MSH2,c.2078G>A,N/A,g.47703578G>A,missense_variant,MODERATE,13,c.2078G>A,p.Cys693Tyr,2301,2078,693,,,30,0.875,,,,2,47703578,G,A,,
MSH2,c.2080T>C,N/A,g.47703580T>C,missense_variant,MODERATE,13,c.2080T>C,p.Phe694Leu,2303,2080,694,,,32,0.946,,,,2,47703580,T,C,,
MSH2,c.2081T>C,5,g.47703581T>C,missense_variant,MODERATE,13,c.2081T>C,p.Phe694Ser,2304,2081,694,,,32,0.957,,,,2,47703581,T,C,,
MSH2,c.2083G>A,N/A,g.47703583G>A,missense_variant,MODERATE,13,c.2083G>A,p.Val695Met,2306,2083,695,,,32,0.884,,,,2,47703583,G,A,,
MSH2,c.2087C>T,5,g.47703587C>T,missense_variant,MODERATE,13,c.2087C>T,p.Pro696Leu,2310,2087,696,,,34,0.93,,,,2,47703587,C,T,,
MSH2,c.2089T>C,5,g.47703589T>C,missense_variant,MODERATE,13,c.2089T>C,p.Cys697Arg,2312,2089,697,,,28.1,0.891,,,,2,47703589,T,C,,
MSH2,c.2090G>A,4,g.47703590G>A,missense_variant,MODERATE,13,c.2090G>A,p.Cys697Tyr,2313,2090,697,,,29.7,0.854,,,,2,47703590,G,A,,
MSH2,c.2090G>T,5,g.47703590G>T,missense_variant,MODERATE,13,c.2090G>T,p.Cys697Phe,2313,2090,697,,,32,0.842,,,,2,47703590,G,T,,
MSH2,c.2105T>G,3,g.47703605T>G,missense_variant,MODERATE,13,c.2105T>G,p.Val702Gly,2328,2105,702,,,29,0.9,,,,2,47703605,T,G,,
MSH2,c.2108C>A,3,g.47703608C>A,missense_variant,MODERATE,13,c.2108C>A,p.Ser703Tyr,2331,2108,703,,,32,0.722,,,,2,47703608,C,A,,
MSH2,c.2123T>A,3,g.47703623T>A,missense_variant,MODERATE,13,c.2123T>A,p.Ile708Asn,2346,2123,708,,,34,0.899,,,,2,47703623,T,A,,
MSH2,c.2132G>C,N/A,g.47703632G>C,missense_variant,MODERATE,13,c.2132G>C,p.Arg711Pro,2355,2132,711,,,35,0.923,,,,2,47703632,G,C,,
MSH2,c.2141C>T,3,g.47703641C>T,missense_variant,MODERATE,13,c.2141C>T,p.Ala714Val,2364,2141,714,,,34,0.862,,,,2,47703641,C,T,3.23E-05,0
MSH2,c.2164G>T,N/A,g.47703664G>T,missense_variant,MODERATE,13,c.2164G>T,p.Val722Phe,2387,2164,722,,,33,0.704,,,,2,47703664,G,T,,
MSH2,c.2168C>A,N/A,g.47703668C>A,missense_variant,MODERATE,13,c.2168C>A,p.Ser723Tyr,2391,2168,723,,,34,0.878,,,,2,47703668,C,A,,
MSH2,c.2168C>T,3,g.47703668C>T,missense_variant,MODERATE,13,c.2168C>T,p.Ser723Phe,2391,2168,723,,,34,0.867,,,,2,47703668,C,T,,
MSH2,c.2171C>A,N/A,g.47703671C>A,missense_variant,MODERATE,13,c.2171C>A,p.Thr724Lys,2394,2171,724,,,35,0.73,,,,2,47703671,C,A,,
MSH2,c.2178G>C,N/A,g.47703678G>C,missense_variant,MODERATE,13,c.2178G>C,p.Met726Ile,2401,2178,726,,,32,0.75,,,,2,47703678,G,C,2.44E-05,0
MSH2,c.2187G>T,3,g.47703687G>T,missense_variant,MODERATE,13,c.2187G>T,p.Met729Ile,2410,2187,729,,,33,0.712,,,,2,47703687,G,T,,
MSH2,c.2197G>A,N/A,g.47703697G>A,missense_variant,MODERATE,13,c.2197G>A,p.Ala733Thr,2420,2197,733,,,31,0.851,,,,2,47703697,G,A,4.87E-05,0
MSH2,c.2210G>A,N/A,g.47703710G>A,"missense_variant,splice_region_variant",MODERATE,13,c.2210G>A,p.Arg737Lys,2433,2210,737,0.3084761371,0.394,12.28,0.55,10.0774448,0.7808683049,10.8583131,2,47703710,G,A,,
MSH2,c.2242G>T,3,g.47705442G>T,missense_variant,MODERATE,14,c.2242G>T,p.Asp748Tyr,2465,2242,748,,,33,0.979,,,,2,47705442,G,T,,
MSH2,c.2245G>A,4,g.47705445G>A,missense_variant,MODERATE,14,c.2245G>A,p.Glu749Lys,2468,2245,749,,,34,0.976,,,,2,47705445,G,A,,
MSH2,c.2251G>A,5,g.47705451G>A,missense_variant,MODERATE,14,c.2251G>A,p.Gly751Arg,2474,2251,751,,,34,0.973,,,,2,47705451,G,A,,
MSH2,c.2251G>C,4,g.47705451G>C,missense_variant,MODERATE,14,c.2251G>C,p.Gly751Arg,2474,2251,751,,,33,0.972,,,,2,47705451,G,C,,
MSH2,c.2276G>A,N/A,g.47705476G>A,missense_variant,MODERATE,14,c.2276G>A,p.Gly759Glu,2499,2276,759,,,33,0.975,,,,2,47705476,G,A,,
MSH2,c.2287G>C,4,g.47705487G>C,missense_variant,MODERATE,14,c.2287G>C,p.Ala763Pro,2510,2287,763,,,32,0.926,,,,2,47705487,G,C,,
MSH2,c.2288C>T,N/A,g.47705488C>T,missense_variant,MODERATE,14,c.2288C>T,p.Ala763Val,2511,2288,763,,,33,0.868,,,,2,47705488,C,T,,
MSH2,c.2292G>C,3,g.47705492G>C,missense_variant,MODERATE,14,c.2292G>C,p.Trp764Cys,2515,2292,764,,,31,0.849,,,,2,47705492,G,C,,
MSH2,c.2293G>A,N/A,g.47705493G>A,missense_variant,MODERATE,14,c.2293G>A,p.Ala765Thr,2516,2293,765,,,33,0.922,,,,2,47705493,G,A,,
MSH2,c.2308A>G,3,g.47705508A>G,missense_variant,MODERATE,14,c.2308A>G,p.Ile770Val,2531,2308,770,,,19.57,0.417,,,,2,47705508,A,G,2.53E-05,0
MSH2,c.2315C>A,N/A,g.47705515C>A,missense_variant,MODERATE,14,c.2315C>A,p.Thr772Lys,2538,2315,772,,,20.9,0.449,,,,2,47705515,C,A,,
MSH2,c.2337G>A,3,g.47705537G>A,missense_variant,MODERATE,14,c.2337G>A,p.Met779Ile,2560,2337,779,,,24.4,0.432,,,,2,47705537,G,A,4.06E-06,0
MSH2,c.2345C>T,N/A,g.47705545C>T,missense_variant,MODERATE,14,c.2345C>T,p.Thr782Ile,2568,2345,782,,,33,0.957,,,,2,47705545,C,T,,
MSH2,c.2362A>C,N/A,g.47705562A>C,missense_variant,MODERATE,14,c.2362A>C,p.Thr788Pro,2585,2362,788,,,28.7,0.915,,,,2,47705562,A,C,1.08E-05,0
MSH2,c.2407A>G,N/A,g.47705607A>G,missense_variant,MODERATE,14,c.2407A>G,p.Thr803Ala,2630,2407,803,,,23,0.617,,,,2,47705607,A,G,,
MSH2,c.2413C>G,N/A,g.47705613C>G,missense_variant,MODERATE,14,c.2413C>G,p.Leu805Val,2636,2413,805,,,21.7,0.029,,,,2,47705613,C,G,,
MSH2,c.2420C>G,3,g.47705620C>G,missense_variant,MODERATE,14,c.2420C>G,p.Thr807Ser,2643,2420,807,,,10.5,0.06,,,,2,47705620,C,G,,
MSH2,c.2425G>A,N/A,g.47705625G>A,missense_variant,MODERATE,14,c.2425G>A,p.Glu809Lys,2648,2425,809,,,17.72,0.414,,,,2,47705625,G,A,0.0002778,0
MSH2,c.2437A>G,3,g.47705637A>G,missense_variant,MODERATE,14,c.2437A>G,p.Met813Val,2660,2437,813,,,23.3,0.811,,,,2,47705637,A,G,1.22E-05,0
MSH2,c.2439G>A,N/A,g.47705639G>A,missense_variant,MODERATE,14,c.2439G>A,p.Met813Ile,2662,2439,813,,,25.7,0.748,,,,2,47705639,G,A,7.22E-06,0
MSH2,c.2470C>G,3,g.47707846C>G,missense_variant,MODERATE,15,c.2470C>G,p.Gln824Glu,2693,2470,824,,,28,0.826,,,,2,47707846,C,G,,
MSH2,c.2479G>A,N/A,g.47707855G>A,missense_variant,MODERATE,15,c.2479G>A,p.Gly827Arg,2702,2479,827,,,34,0.965,,,,2,47707855,G,A,,
MSH2,c.2492C>A,N/A,g.47707868C>A,missense_variant,MODERATE,15,c.2492C>A,p.Ala831Glu,2715,2492,831,,,34,0.928,,,,2,47707868,C,A,,
MSH2,c.2500G>A,2,g.47707876G>A,missense_variant,MODERATE,15,c.2500G>A,p.Ala834Thr,2723,2500,834,,,34,0.855,,,,2,47707876,G,A,0.0001082,0
MSH2,c.2503A>C,3,g.47707879A>C,missense_variant,MODERATE,15,c.2503A>C,p.Asn835His,2726,2503,835,,,16.6,0.276,,,,2,47707879,A,C,3.61E-05,0
MSH2,c.2516A>G,3,g.47707892A>G,missense_variant,MODERATE,15,c.2516A>G,p.His839Arg,2739,2516,839,,,20.9,0.574,,,,2,47707892,A,G,2.89E-05,0
MSH2,c.2517T>A,3,g.47707893T>A,missense_variant,MODERATE,15,c.2517T>A,p.His839Gln,2740,2517,839,,,19.01,0.478,,,,2,47707893,T,A,1.80E-05,0
MSH2,c.2527T>G,N/A,g.47707903T>G,missense_variant,MODERATE,15,c.2527T>G,p.Cys843Gly,2750,2527,843,,,17.62,0.403,,,,2,47707903,T,G,,
MSH2,c.2533A>G,3,g.47707909A>G,missense_variant,MODERATE,15,c.2533A>G,p.Lys845Glu,2756,2533,845,,,24.2,0.811,,,,2,47707909,A,G,,
MSH2,c.2551C>A,3,g.47707927C>A,missense_variant,MODERATE,15,c.2551C>A,p.Leu851Ile,2774,2551,851,,,26.7,0.726,,,,2,47707927,C,A,1.62E-05,0
MSH2,c.2558A>C,3,g.47707934A>C,missense_variant,MODERATE,15,c.2558A>C,p.Glu853Ala,2781,2558,853,,,16.79,0.719,,,,2,47707934,A,C,1.80E-05,0
MSH2,c.2558A>G,3,g.47707934A>G,missense_variant,MODERATE,15,c.2558A>G,p.Glu853Gly,2781,2558,853,,,23.2,0.81,,,,2,47707934,A,G,4.06E-06,0
MSH2,c.2565G>T,N/A,g.47707941G>T,missense_variant,MODERATE,15,c.2565G>T,p.Gln855His,2788,2565,855,,,17.16,0.551,,,,2,47707941,G,T,,
MSH2,c.2567A>G,3,g.47707943A>G,missense_variant,MODERATE,15,c.2567A>G,p.Tyr856Cys,2790,2567,856,,,10.72,0.401,,,,2,47707943,A,G,4.06E-06,0
MSH2,c.2579C>T,2,g.47707955C>T,missense_variant,MODERATE,15,c.2579C>T,p.Ser860Leu,2802,2579,860,,,20.7,0.395,,,,2,47707955,C,T,4.06E-06,0
MSH2,c.2581C>G,N/A,g.47707957C>G,missense_variant,MODERATE,15,c.2581C>G,p.Gln861Glu,2804,2581,861,,,0.009,0.388,,,,2,47707957,C,G,,
MSH2,c.2602C>G,3,g.47707978C>G,missense_variant,MODERATE,15,c.2602C>G,p.Pro868Ala,2825,2602,868,,,16.95,0.563,,,,2,47707978,C,G,,
MSH2,c.2609C>G,3,g.47707985C>G,missense_variant,MODERATE,15,c.2609C>G,p.Ala870Gly,2832,2609,870,,,22.3,0.486,,,,2,47707985,C,G,,
MSH2,c.2613G>T,N/A,g.47707989G>T,missense_variant,MODERATE,15,c.2613G>T,p.Lys871Asn,2836,2613,871,,,29.7,0.633,,,,2,47707989,G,T,4.06E-06,0
MSH2,c.2617T>G,3,g.47707993T>G,missense_variant,MODERATE,15,c.2617T>G,p.Cys873Gly,2840,2617,873,,,17.09,0.565,,,,2,47707993,T,G,,
MSH2,c.2634G>C,4,g.47708010G>C,"missense_variant,splice_region_variant",MODERATE,15,c.2634G>C,p.Glu878Asp,2857,2634,878,0.9999972912,1,23.1,0.55,-2.493102598,8.855952638,6.36285004,2,47708010,G,C,,
MSH2,c.2651T>G,3,g.47709934T>G,missense_variant,MODERATE,16,c.2651T>G,p.Ile884Ser,2874,2651,884,,,30,0.912,,,,2,47709934,T,G,,
MSH2,c.2657A>G,3,g.47709940A>G,missense_variant,MODERATE,16,c.2657A>G,p.Glu886Gly,2880,2657,886,,,22.8,0.583,,,,2,47709940,A,G,,
MSH2,c.2663T>G,N/A,g.47709946T>G,missense_variant,MODERATE,16,c.2663T>G,p.Leu888Arg,2886,2663,888,,,29.3,0.891,,,,2,47709946,T,G,,
MSH2,c.2714C>G,2,g.47709997C>G,missense_variant,MODERATE,16,c.2714C>G,p.Thr905Arg,2937,2714,905,,,14.04,0.513,,,,2,47709997,C,G,1.08E-05,0
MSH2,c.2714C>T,3,g.47709997C>T,missense_variant,MODERATE,16,c.2714C>T,p.Thr905Ile,2937,2714,905,,,15.13,0.431,,,,2,47709997,C,T,7.95E-05,0
MSH2,c.2722T>A,3,g.47710005T>A,missense_variant,MODERATE,16,c.2722T>A,p.Leu908Ile,2945,2722,908,,,14.98,0.511,,,,2,47710005,T,A,,
MSH2,c.2726A>T,N/A,g.47710009A>T,missense_variant,MODERATE,16,c.2726A>T,p.Lys909Ile,2949,2726,909,,,20.3,0.643,,,,2,47710009,A,T,,
MSH2,c.2732T>C,N/A,g.47710015T>C,missense_variant,MODERATE,16,c.2732T>C,p.Leu911Pro,2955,2732,911,,,28.6,0.886,,,,2,47710015,T,C,,
MSH2,c.2732T>G,3,g.47710015T>G,missense_variant,MODERATE,16,c.2732T>G,p.Leu911Arg,2955,2732,911,,,29.9,0.913,,,,2,47710015,T,G,6.16E-05,0
MSH2,c.2768T>A,3,g.47710051T>A,missense_variant,MODERATE,16,c.2768T>A,p.Val923Glu,2991,2768,923,,,32,0.919,,,,2,47710051,T,A,4.11E-06,0
MSH2,c.2790A>G,3,g.47710073A>G,missense_variant,MODERATE,16,c.2790A>G,p.Ile930Met,3013,2790,930,,,15.91,0.468,,,,2,47710073,A,G,4.10E-06,0
MSH2,c.2792A>C,3,g.47710075A>C,missense_variant,MODERATE,16,c.2792A>C,p.Lys931Thr,3015,2792,931,,,23.9,0.849,,,,2,47710075,A,C,,
MSH2,c.2798C>T,N/A,g.47710081C>T,missense_variant,MODERATE,16,c.2798C>T,p.Thr933Ile,3021,2798,933,,,21.8,0.464,,,,2,47710081,C,T,7.30E-06,0
MSH2,c.2801C>T,N/A,g.47710084C>T,missense_variant,MODERATE,16,c.2801C>T,p.Thr934Met,3024,2801,934,,,24.1,0.35,,,,2,47710084,C,T,5.76E-05,0
MSH6,c.1019T>C,2,g.48026141T>C,missense_variant,MODERATE,4,c.1019T>C,p.Phe340Ser,1171,1019,340,,,23.6,0.54,,,,2,48026141,T,C,3.61E-05,0
MSH6,c.1063G>A,N/A,g.48026185G>A,missense_variant,MODERATE,4,c.1063G>A,p.Gly355Ser,1215,1063,355,,,13.67,0.197,,,,2,48026185,G,A,0.0001192,0
MSH6,c.1079G>T,3,g.48026201G>T,missense_variant,MODERATE,4,c.1079G>T,p.Ser360Ile,1231,1079,360,,,15.64,0.176,,,,2,48026201,G,T,,
MSH6,c.1082G>A,3,g.48026204G>A,missense_variant,MODERATE,4,c.1082G>A,p.Arg361His,1234,1082,361,,,24.4,0.25,,,,2,48026204,G,A,1.63E-05,0
MSH6,c.1100A>G,5,g.48026222A>G,missense_variant,MODERATE,4,c.1100A>G,p.His367Arg,1252,1100,367,,,26.1,0.757,,,,2,48026222,A,G,,
MSH6,c.1109T>C,3,g.48026231T>C,missense_variant,MODERATE,4,c.1109T>C,p.Leu370Ser,1261,1109,370,,,28.5,0.811,,,,2,48026231,T,C,,
MSH6,c.1133G>A,3,g.48026255G>A,missense_variant,MODERATE,4,c.1133G>A,p.Arg378Lys,1285,1133,378,,,23.2,0.346,,,,2,48026255,G,A,1.22E-05,0
MSH6,c.1144C>T,3,g.48026266C>T,missense_variant,MODERATE,4,c.1144C>T,p.His382Tyr,1296,1144,382,,,18.72,0.105,,,,2,48026266,C,T,1.45E-05,0
MSH6,c.116G>A,1,g.48010488G>A,missense_variant,MODERATE,1,c.116G>A,p.Gly39Glu,268,116,39,,,0.281,0.163,,,,2,48010488,G,A,0.1825,4526
MSH6,c.1186C>G,1,g.48026308C>G,missense_variant,MODERATE,4,c.1186C>G,p.Leu396Val,1338,1186,396,,,11.16,0.322,,,,2,48026308,C,G,0.005619,9
MSH6,c.1190A>G,N/A,g.48026312A>G,missense_variant,MODERATE,4,c.1190A>G,p.Tyr397Cys,1342,1190,397,,,24.1,0.728,,,,2,48026312,A,G,2.44E-05,0
MSH6,c.1193T>A,5,g.48026315T>A,missense_variant,MODERATE,4,c.1193T>A,p.Val398Glu,1345,1193,398,,,27.4,0.935,,,,2,48026315,T,A,,
MSH6,c.124C>T,3,g.48010496C>T,missense_variant,MODERATE,1,c.124C>T,p.Pro42Ser,276,124,42,,,0.386,0.232,,,,2,48010496,C,T,0.0001603,0
MSH6,c.1273A>G,3,g.48026395A>G,missense_variant,MODERATE,4,c.1273A>G,p.Ile425Val,1425,1273,425,,,21.9,0.52,,,,2,48026395,A,G,1.22E-05,0
MSH6,c.1294_1296delinsGCA,N/A,g.48026416_48026418delinsGCA,missense_variant,MODERATE,4,c.1294_1296delinsGCA,p.Phe432Ala,1446-1448,1294-1296,432,,,,,,,,2,48026416,TTT,GCA,,
MSH6,c.1304T>C,3,g.48026426T>C,missense_variant,MODERATE,4,c.1304T>C,p.Leu435Pro,1456,1304,435,,,25,0.942,,,,2,48026426,T,C,,
MSH6,c.1325T>C,3,g.48026447T>C,missense_variant,MODERATE,4,c.1325T>C,p.Ile442Thr,1477,1325,442,,,7.087,0.2,,,,2,48026447,T,C,1.63E-05,0
MSH6,c.1338A>T,3,g.48026460A>T,missense_variant,MODERATE,4,c.1338A>T,p.Glu446Asp,1490,1338,446,,,17.85,0.642,,,,2,48026460,A,T,,
MSH6,c.1346T>C,5,g.48026468T>C,missense_variant,MODERATE,4,c.1346T>C,p.Leu449Pro,1498,1346,449,,,25.9,0.956,,,,2,48026468,T,C,1.22E-05,0
MSH6,c.1369G>C,3,g.48026491G>C,missense_variant,MODERATE,4,c.1369G>C,p.Ala457Pro,1521,1369,457,,,25.5,0.779,,,,2,48026491,G,C,4.07E-06,0
MSH6,c.1402C>T,3,g.48026524C>T,missense_variant,MODERATE,4,c.1402C>T,p.Arg468Cys,1554,1402,468,,,32,0.791,,,,2,48026524,C,T,8.13E-06,0
MSH6,c.1403G>A,2,g.48026525G>A,missense_variant,MODERATE,4,c.1403G>A,p.Arg468His,1555,1403,468,,,28.1,0.801,,,,2,48026525,G,A,3.25E-05,0
MSH6,c.1474A>G,3,g.48026596A>G,missense_variant,MODERATE,4,c.1474A>G,p.Met492Val,1626,1474,492,,,23,0.825,,,,2,48026596,A,G,7.58E-05,0
MSH6,c.1508C>G,2,g.48026630C>G,missense_variant,MODERATE,4,c.1508C>G,p.Ser503Cys,1660,1508,503,,,19.27,0.413,,,,2,48026630,C,G,0.0006428,0
MSH6,c.1526T>C,2,g.48026648T>C,missense_variant,MODERATE,4,c.1526T>C,p.Val509Ala,1678,1526,509,,,25.4,0.959,,,,2,48026648,T,C,0.0009677,2
MSH6,c.1531A>G,N/A,g.48026653A>G,missense_variant,MODERATE,4,c.1531A>G,p.Arg511Gly,1683,1531,511,,,25.4,0.939,,,,2,48026653,A,G,4.06E-06,0
MSH6,c.1547T>A,3,g.48026669T>A,missense_variant,MODERATE,4,c.1547T>A,p.Ile516Asn,1699,1547,516,,,28,0.742,,,,2,48026669,T,A,,
MSH6,c.1565A>G,3,g.48026687A>G,missense_variant,MODERATE,4,c.1565A>G,p.Gln522Arg,1717,1565,522,,,22.8,0.67,,,,2,48026687,A,G,1.22E-05,0
MSH6,c.1594T>G,N/A,g.48026716T>G,missense_variant,MODERATE,4,c.1594T>G,p.Ser532Ala,1746,1594,532,,,22.6,0.042,,,,2,48026716,T,G,,
MSH6,c.161G>C,2,g.48010533G>C,missense_variant,MODERATE,1,c.161G>C,p.Gly54Ala,313,161,54,,,4.71,0.487,,,,2,48010533,G,C,2.30E-05,0
MSH6,c.1636G>C,3,g.48026758G>C,missense_variant,MODERATE,4,c.1636G>C,p.Glu546Gln,1788,1636,546,,,22.1,0.057,,,,2,48026758,G,C,,
MSH6,c.1667A>T,2,g.48026789A>T,missense_variant,MODERATE,4,c.1667A>T,p.Tyr556Phe,1819,1667,556,,,18.71,0.615,,,,2,48026789,A,T,,
MSH6,c.1669G>A,N/A,g.48026791G>A,missense_variant,MODERATE,4,c.1669G>A,p.Gly557Ser,1821,1669,557,,,26.4,0.961,,,,2,48026791,G,A,,
MSH6,c.1676G>A,3,g.48026798G>A,missense_variant,MODERATE,4,c.1676G>A,p.Cys559Tyr,1828,1676,559,,,24.6,0.637,,,,2,48026798,G,A,,
MSH6,c.1696G>A,3,g.48026818G>A,missense_variant,MODERATE,4,c.1696G>A,p.Gly566Arg,1848,1696,566,,,28.4,0.898,,,,2,48026818,G,A,0.0001951,0
MSH6,c.1720T>A,N/A,g.48026842T>A,missense_variant,MODERATE,4,c.1720T>A,p.Ser574Thr,1872,1720,574,,,5.599,0.21,,,,2,48026842,T,A,8.13E-06,0
MSH6,c.1723G>T,N/A,g.48026845G>T,missense_variant,MODERATE,4,c.1723G>T,p.Asp575Tyr,1875,1723,575,,,28.2,0.949,,,,2,48026845,G,T,,
MSH6,c.1729C>T,3,g.48026851C>T,missense_variant,MODERATE,4,c.1729C>T,p.Arg577Cys,1881,1729,577,,,34,0.747,,,,2,48026851,C,T,3.61E-05,0
MSH6,c.1739C>T,3,g.48026861C>T,missense_variant,MODERATE,4,c.1739C>T,p.Ser580Leu,1891,1739,580,,,32,0.756,,,,2,48026861,C,T,5.78E-05,0
MSH6,c.1754T>C,3,g.48026876T>C,missense_variant,MODERATE,4,c.1754T>C,p.Leu585Pro,1906,1754,585,,,26.5,0.938,,,,2,48026876,T,C,,
MSH6,c.1771C>T,3,g.48026893C>T,missense_variant,MODERATE,4,c.1771C>T,p.Pro591Ser,1923,1771,591,,,27.2,0.932,,,,2,48026893,C,T,,
MSH6,c.1830G>T,3,g.48026952G>T,missense_variant,MODERATE,4,c.1830G>T,p.Lys610Asn,1982,1830,610,,,12.82,0.317,,,,2,48026952,G,T,,
MSH6,c.1857A>C,3,g.48026979A>C,missense_variant,MODERATE,4,c.1857A>C,p.Glu619Asp,2009,1857,619,,,22.4,0.535,,,,2,48026979,A,C,2.17E-05,0
MSH6,c.1867C>G,3,g.48026989C>G,missense_variant,MODERATE,4,c.1867C>G,p.Pro623Ala,2019,1867,623,,,0.022,0.122,,,,2,48026989,C,G,0.0001229,0
MSH6,c.1868C>T,3,g.48026990C>T,missense_variant,MODERATE,4,c.1868C>T,p.Pro623Leu,2020,1868,623,,,25.2,0.464,,,,2,48026990,C,T,,
MSH6,c.1903A>G,N/A,g.48027025A>G,missense_variant,MODERATE,4,c.1903A>G,p.Arg635Gly,2055,1903,635,,,23.1,0.343,,,,2,48027025,A,G,,
MSH6,c.1932G>C,3,g.48027054G>C,missense_variant,MODERATE,4,c.1932G>C,p.Arg644Ser,2084,1932,644,,,0.003,0.262,,,,2,48027054,G,C,9.39E-05,0
MSH6,c.194C>T,2,g.48010566C>T,missense_variant,MODERATE,1,c.194C>T,p.Ser65Leu,346,194,65,,,11.27,0.305,,,,2,48010566,C,T,3.24E-05,0
MSH6,c.1996T>C,3,g.48027118T>C,missense_variant,MODERATE,4,c.1996T>C,p.Ser666Pro,2148,1996,666,,,22.8,0.765,,,,2,48027118,T,C,,
MSH6,c.2006T>C,3,g.48027128T>C,missense_variant,MODERATE,4,c.2006T>C,p.Ile669Thr,2158,2006,669,,,22.7,0.343,,,,2,48027128,T,C,3.66E-05,0
MSH6,c.2008G>A,3,g.48027130G>A,missense_variant,MODERATE,4,c.2008G>A,p.Gly670Arg,2160,2008,670,,,25.5,0.729,,,,2,48027130,G,A,,
MSH6,c.2025G>C,3,g.48027147G>C,missense_variant,MODERATE,4,c.2025G>C,p.Glu675Asp,2177,2025,675,,,6.947,0.191,,,,2,48027147,G,C,,
MSH6,c.2030G>C,3,g.48027152G>C,missense_variant,MODERATE,4,c.2030G>C,p.Ser677Thr,2182,2030,677,,,20.9,0.445,,,,2,48027152,G,C,,
MSH6,c.2045C>T,3,g.48027167C>T,missense_variant,MODERATE,4,c.2045C>T,p.Ser682Phe,2197,2045,682,,,28,0.907,,,,2,48027167,C,T,,
MSH6,c.2054G>C,3,g.48027176G>C,missense_variant,MODERATE,4,c.2054G>C,p.Gly685Ala,2206,2054,685,,,25.2,0.947,,,,2,48027176,G,C,,
MSH6,c.2057G>A,4,g.48027179G>A,missense_variant,MODERATE,4,c.2057G>A,p.Gly686Asp,2209,2057,686,,,25.5,0.878,,,,2,48027179,G,A,,
MSH6,c.2080T>C,3,g.48027202T>C,missense_variant,MODERATE,4,c.2080T>C,p.Cys694Arg,2232,2080,694,,,25.8,0.894,,,,2,48027202,T,C,,
MSH6,c.2087T>C,3,g.48027209T>C,missense_variant,MODERATE,4,c.2087T>C,p.Ile696Thr,2239,2087,696,,,22.9,0.89,,,,2,48027209,T,C,,
MSH6,c.2092C>A,3,g.48027214C>A,missense_variant,MODERATE,4,c.2092C>A,p.Gln698Lys,2244,2092,698,,,21.3,0.301,,,,2,48027214,C,A,,
MSH6,c.2092C>G,3,g.48027214C>G,missense_variant,MODERATE,4,c.2092C>G,p.Gln698Glu,2244,2092,698,,,16.94,0.464,,,,2,48027214,C,G,1.22E-05,0
MSH6,c.2098C>T,3,g.48027220C>T,missense_variant,MODERATE,4,c.2098C>T,p.Leu700Phe,2250,2098,700,,,26.2,0.79,,,,2,48027220,C,T,,
MSH6,c.2117T>C,4,g.48027239T>C,missense_variant,MODERATE,4,c.2117T>C,p.Phe706Ser,2269,2117,706,,,26.9,0.906,,,,2,48027239,T,C,,
MSH6,c.2175C>G,3,g.48027297C>G,missense_variant,MODERATE,4,c.2175C>G,p.Ile725Met,2327,2175,725,,,0.139,0.146,,,,2,48027297,C,G,1.63E-05,0
MSH6,c.2176_2177delinsAG,3,g.48027298_48027299delinsAG,missense_variant,MODERATE,4,c.2176_2177delinsAG,p.Phe726Ser,2328-2329,2176-2177,726,,,,,,,,2,48027298,TT,AG,,
MSH6,c.2177T>A,3,g.48027299T>A,missense_variant,MODERATE,4,c.2177T>A,p.Phe726Tyr,2329,2177,726,,,23.2,0.678,,,,2,48027299,T,A,1.22E-05,0
MSH6,c.2183A>C,3,g.48027305A>C,missense_variant,MODERATE,4,c.2183A>C,p.Lys728Thr,2335,2183,728,,,7.555,0.401,,,,2,48027305,A,C,4.07E-06,0
MSH6,c.2282G>A,3,g.48027404G>A,missense_variant,MODERATE,4,c.2282G>A,p.Arg761Lys,2434,2282,761,,,4.686,0.301,,,,2,48027404,G,A,,
MSH6,c.2295C>G,3,g.48027417C>G,missense_variant,MODERATE,4,c.2295C>G,p.Cys765Trp,2447,2295,765,,,25.6,0.919,,,,2,48027417,C,G,,
MSH6,c.2300C>T,5,g.48027422C>T,missense_variant,MODERATE,4,c.2300C>T,p.Thr767Ile,2452,2300,767,,,26.8,0.971,,,,2,48027422,C,T,,
MSH6,c.2314C>G,N/A,g.48027436C>G,missense_variant,MODERATE,4,c.2314C>G,p.Arg772Gly,2466,2314,772,,,25.7,0.949,,,,2,48027436,C,G,,
MSH6,c.2314C>T,3,g.48027436C>T,missense_variant,MODERATE,4,c.2314C>T,p.Arg772Trp,2466,2314,772,,,28.8,0.938,,,,2,48027436,C,T,8.14E-06,0
MSH6,c.2315G>A,N/A,g.48027437G>A,missense_variant,MODERATE,4,c.2315G>A,p.Arg772Gln,2467,2315,772,,,32,0.931,,,,2,48027437,G,A,2.17E-05,0
MSH6,c.2329T>A,3,g.48027451T>A,missense_variant,MODERATE,4,c.2329T>A,p.Trp777Arg,2481,2329,777,,,26.9,0.925,,,,2,48027451,T,A,,
MSH6,c.2339C>G,3,g.48027461C>G,missense_variant,MODERATE,4,c.2339C>G,p.Ala780Gly,2491,2339,780,,,27.2,0.75,,,,2,48027461,C,G,,
MSH6,c.2341C>T,3,g.48027463C>T,missense_variant,MODERATE,4,c.2341C>T,p.Pro781Ser,2493,2341,781,,,26.8,0.956,,,,2,48027463,C,T,,
MSH6,c.2360C>T,3,g.48027482C>T,missense_variant,MODERATE,4,c.2360C>T,p.Ala787Val,2512,2360,787,,,9.322,0.256,,,,2,48027482,C,T,,
MSH6,c.2375T>C,3,g.48027497T>C,missense_variant,MODERATE,4,c.2375T>C,p.Leu792Pro,2527,2375,792,,,25.5,0.892,,,,2,48027497,T,C,,
MSH6,c.2392C>G,3,g.48027514C>G,missense_variant,MODERATE,4,c.2392C>G,p.Leu798Val,2544,2392,798,,,25.5,0.886,,,,2,48027514,C,G,4.07E-06,0
MSH6,c.2393T>C,N/A,g.48027515T>C,missense_variant,MODERATE,4,c.2393T>C,p.Leu798Pro,2545,2393,798,,,25.8,0.954,,,,2,48027515,T,C,,
MSH6,c.2398G>C,2,g.48027520G>C,missense_variant,MODERATE,4,c.2398G>C,p.Val800Leu,2550,2398,800,,,12.81,0.487,,,,2,48027520,G,C,0.0001085,0
MSH6,c.2399T>C,N/A,g.48027521T>C,missense_variant,MODERATE,4,c.2399T>C,p.Val800Ala,2551,2399,800,,,0.003,0.234,,,,2,48027521,T,C,,
MSH6,c.2408A>G,3,g.48027530A>G,missense_variant,MODERATE,4,c.2408A>G,p.Asp803Gly,2560,2408,803,,,22.8,0.585,,,,2,48027530,A,G,8.32E-05,0
MSH6,c.2409C>A,N/A,g.48027531C>A,missense_variant,MODERATE,4,c.2409C>A,p.Asp803Glu,2561,2409,803,,,8.907,0.156,,,,2,48027531,C,A,,
MSH6,c.241G>A,2,g.48010613G>A,missense_variant,MODERATE,1,c.241G>A,p.Ala81Thr,393,241,81,,,7.19,0.177,,,,2,48010613,G,A,3.25E-05,0
MSH6,c.2491C>G,3,g.48027613C>G,missense_variant,MODERATE,4,c.2491C>G,p.Pro831Ala,2643,2491,831,,,18.97,0.364,,,,2,48027613,C,G,,
MSH6,c.2549A>G,3,g.48027671A>G,missense_variant,MODERATE,4,c.2549A>G,p.Tyr850Cys,2701,2549,850,,,25,0.959,,,,2,48027671,A,G,8.17E-06,0
MSH6,c.2561A>T,3,g.48027683A>T,missense_variant,MODERATE,4,c.2561A>T,p.Lys854Met,2713,2561,854,,,22.3,0.908,,,,2,48027683,A,T,0.0003694,0
MSH6,c.2633T>C,1,g.48027755T>C,missense_variant,MODERATE,4,c.2633T>C,p.Val878Ala,2785,2633,878,,,0.005,0.155,,,,2,48027755,T,C,0.004951,10
MSH6,c.2633T>G,3,g.48027755T>G,missense_variant,MODERATE,4,c.2633T>G,p.Val878Gly,2785,2633,878,,,0.092,0.617,,,,2,48027755,T,G,,
MSH6,c.2656A>G,3,g.48027778A>G,missense_variant,MODERATE,4,c.2656A>G,p.Ile886Val,2808,2656,886,,,1.746,0.195,,,,2,48027778,A,G,4.08E-06,0
MSH6,c.2702G>A,3,g.48027824G>A,missense_variant,MODERATE,4,c.2702G>A,p.Arg901His,2854,2702,901,,,15,0.493,,,,2,48027824,G,A,2.53E-05,0
MSH6,c.2906A>C,3,g.48028028A>C,missense_variant,MODERATE,4,c.2906A>C,p.Tyr969Ser,3058,2906,969,,,25.4,0.886,,,,2,48028028,A,C,,
MSH6,c.2912G>A,N/A,g.48028034G>A,missense_variant,MODERATE,4,c.2912G>A,p.Gly971Glu,3064,2912,971,,,27.6,0.868,,,,2,48028034,G,A,,
MSH6,c.2927G>A,3,g.48028049G>A,missense_variant,MODERATE,4,c.2927G>A,p.Arg976His,3079,2927,976,,,29.6,0.857,,,,2,48028049,G,A,,
MSH6,c.2955C>G,3,g.48028077C>G,missense_variant,MODERATE,4,c.2955C>G,p.Phe985Leu,3107,2955,985,,,15.92,0.354,,,,2,48028077,C,G,,
MSH6,c.297G>T,3,g.48018102G>T,missense_variant,MODERATE,2,c.297G>T,p.Lys99Asn,449,297,99,,,30,0.64,,,,2,48018102,G,T,,
MSH6,c.3021G>C,3,g.48028143G>C,missense_variant,MODERATE,4,c.3021G>C,p.Trp1007Cys,3173,3021,1007,,,24.1,0.737,,,,2,48028143,G,C,4.75E-06,0
MSH6,c.3038A>C,N/A,g.48028160A>C,missense_variant,MODERATE,4,c.3038A>C,p.Lys1013Thr,3190,3038,1013,,,22.6,0.545,,,,2,48028160,A,C,,
MSH6,c.3062C>A,3,g.48028184C>A,missense_variant,MODERATE,4,c.3062C>A,p.Ala1021Asp,3214,3062,1021,,,27.2,0.762,,,,2,48028184,C,A,,
MSH6,c.3076G>T,3,g.48028198G>T,missense_variant,MODERATE,4,c.3076G>T,p.Asp1026Tyr,3228,3076,1026,,,27.5,0.85,,,,2,48028198,G,T,,
MSH6,c.3092A>T,N/A,g.48028214A>T,missense_variant,MODERATE,4,c.3092A>T,p.Asp1031Val,3244,3092,1031,,,25.8,0.841,,,,2,48028214,A,T,,
MSH6,c.3101G>C,N/A,g.48028223G>C,missense_variant,MODERATE,4,c.3101G>C,p.Arg1034Pro,3253,3101,1034,,,31,0.899,,,,2,48028223,G,C,4.12E-06,0
MSH6,c.3160A>T,2,g.48028282A>T,missense_variant,MODERATE,4,c.3160A>T,p.Ile1054Phe,3312,3160,1054,,,13.04,0.401,,,,2,48028282,A,T,0.0001687,0
MSH6,c.3163G>A,3,g.48028285G>A,missense_variant,MODERATE,4,c.3163G>A,p.Ala1055Thr,3315,3163,1055,,,23.3,0.874,,,,2,48028285,G,A,2.58E-05,0
MSH6,c.3163G>C,3,g.48028285G>C,missense_variant,MODERATE,4,c.3163G>C,p.Ala1055Pro,3315,3163,1055,,,24.9,0.927,,,,2,48028285,G,C,,
MSH6,c.3185G>T,N/A,g.48030571G>T,missense_variant,MODERATE,5,c.3185G>T,p.Cys1062Phe,3337,3185,1062,,,32,0.768,,,,2,48030571,G,T,,
MSH6,c.3206G>A,3,g.48030592G>A,missense_variant,MODERATE,5,c.3206G>A,p.Gly1069Glu,3358,3206,1069,,,25.1,0.609,,,,2,48030592,G,A,4.06E-06,0
MSH6,c.3217C>T,3,g.48030603C>T,missense_variant,MODERATE,5,c.3217C>T,p.Pro1073Ser,3369,3217,1073,,,23.8,0.312,,,,2,48030603,C,T,0.0004078,0
MSH6,c.3218C>G,3,g.48030604C>G,missense_variant,MODERATE,5,c.3218C>G,p.Pro1073Arg,3370,3218,1073,,,20.8,0.511,,,,2,48030604,C,G,8.13E-06,0
MSH6,c.3226C>G,N/A,g.48030612C>G,missense_variant,MODERATE,5,c.3226C>G,p.Arg1076Gly,3378,3226,1076,,,33,0.869,,,,2,48030612,C,G,4.06E-06,0
MSH6,c.3226C>T,4,g.48030612C>T,missense_variant,MODERATE,5,c.3226C>T,p.Arg1076Cys,3378,3226,1076,,,32,0.849,,,,2,48030612,C,T,9.75E-05,0
MSH6,c.3245C>T,3,g.48030631C>T,missense_variant,MODERATE,5,c.3245C>T,p.Pro1082Leu,3397,3245,1082,,,34,0.547,,,,2,48030631,C,T,0.0003067,0
MSH6,c.3259C>A,3,g.48030645C>A,missense_variant,MODERATE,5,c.3259C>A,p.Pro1087Thr,3411,3259,1087,,,24.2,0.698,,,,2,48030645,C,A,9.34E-05,0
MSH6,c.3259C>T,3,g.48030645C>T,missense_variant,MODERATE,5,c.3259C>T,p.Pro1087Ser,3411,3259,1087,,,27.5,0.681,,,,2,48030645,C,T,0.0001154,0
MSH6,c.325C>G,N/A,g.48018130C>G,missense_variant,MODERATE,2,c.325C>G,p.Leu109Val,477,325,109,,,23,0.237,,,,2,48018130,C,G,,
MSH6,c.3260C>A,N/A,g.48030646C>A,missense_variant,MODERATE,5,c.3260C>A,p.Pro1087His,3412,3260,1087,,,28.9,0.735,,,,2,48030646,C,A,0.0001227,0
MSH6,c.3260C>G,3,g.48030646C>G,missense_variant,MODERATE,5,c.3260C>G,p.Pro1087Arg,3412,3260,1087,,,27.1,0.761,,,,2,48030646,C,G,4.69E-05,0
MSH6,c.3284G>A,3,g.48030670G>A,missense_variant,MODERATE,5,c.3284G>A,p.Arg1095His,3436,3284,1095,,,35,0.823,,,,2,48030670,G,A,4.47E-05,0
MSH6,c.3289C>G,N/A,g.48030675C>G,missense_variant,MODERATE,5,c.3289C>G,p.Pro1097Ala,3441,3289,1097,,,26.7,0.89,,,,2,48030675,C,G,,
MSH6,c.3299C>T,3,g.48030685C>T,missense_variant,MODERATE,5,c.3299C>T,p.Thr1100Met,3451,3299,1100,,,23.8,0.591,,,,2,48030685,C,T,3.97E-05,0
MSH6,c.3338T>G,N/A,g.48030724T>G,missense_variant,MODERATE,5,c.3338T>G,p.Ile1113Ser,3490,3338,1113,,,34,0.864,,,,2,48030724,T,G,,
MSH6,c.3383A>G,3,g.48030769A>G,missense_variant,MODERATE,5,c.3383A>G,p.Tyr1128Cys,3535,3383,1128,,,22.9,0.023,,,,2,48030769,A,G,1.08E-05,0
MSH6,c.3415G>A,3,g.48030801G>A,missense_variant,MODERATE,5,c.3415G>A,p.Gly1139Ser,3567,3415,1139,,,34,0.992,,,,2,48030801,G,A,,
MSH6,c.3419A>G,N/A,g.48030805A>G,missense_variant,MODERATE,5,c.3419A>G,p.Lys1140Arg,3571,3419,1140,,,32,0.962,,,,2,48030805,A,G,,
MSH6,c.3425C>T,3,g.48030811C>T,missense_variant,MODERATE,5,c.3425C>T,p.Thr1142Met,3577,3425,1142,,,35,0.306,,,,2,48030811,C,T,2.53E-05,0
MSH6,c.3437A>C,3,g.48030823A>C,"missense_variant,splice_region_variant",MODERATE,5,c.3437A>C,p.Gln1146Pro,3589,3437,1146,0.9977949872,0.948,28.3,0.959,6.390108069,2.236296415,8.626404483,2,48030823,A,C,,
MSH6,c.3442G>C,3,g.48032052G>C,missense_variant,MODERATE,6,c.3442G>C,p.Gly1148Arg,3594,3442,1148,,,33,0.884,,,,2,48032052,G,C,,
MSH6,c.3452C>T,N/A,g.48032062C>T,missense_variant,MODERATE,6,c.3452C>T,p.Ala1151Val,3604,3452,1151,,,17.99,0.242,,,,2,48032062,C,T,,
MSH6,c.3469G>A,3,g.48032079G>A,missense_variant,MODERATE,6,c.3469G>A,p.Gly1157Ser,3621,3469,1157,,,34,0.955,,,,2,48032079,G,A,,
MSH6,c.3472T>C,N/A,g.48032082T>C,missense_variant,MODERATE,6,c.3472T>C,p.Cys1158Arg,3624,3472,1158,,,28.8,0.951,,,,2,48032082,T,C,,
MSH6,c.3478G>C,3,g.48032088G>C,missense_variant,MODERATE,6,c.3478G>C,p.Val1160Leu,3630,3478,1160,,,24.6,0.847,,,,2,48032088,G,C,,
MSH6,c.3484G>C,3,g.48032094G>C,missense_variant,MODERATE,6,c.3484G>C,p.Ala1162Pro,3636,3484,1162,,,32,0.93,,,,2,48032094,G,C,,
MSH6,c.3488A>T,2,g.48032098A>T,missense_variant,MODERATE,6,c.3488A>T,p.Glu1163Val,3640,3488,1163,,,27.4,0.84,,,,2,48032098,A,T,0.0009346,1
MSH6,c.3533G>A,N/A,g.48032143G>A,missense_variant,MODERATE,6,c.3533G>A,p.Gly1178Asp,3685,3533,1178,,,33,0.907,,,,2,48032143,G,A,4.07E-06,0
MSH6,c.3543C>G,3,g.48032153C>G,missense_variant,MODERATE,6,c.3543C>G,p.Asp1181Glu,3695,3543,1181,,,27.3,0.881,,,,2,48032153,C,G,3.25E-05,0
MSH6,c.3577G>A,3,g.48032777G>A,missense_variant,MODERATE,7,c.3577G>A,p.Glu1193Lys,3729,3577,1193,,,34,0.947,,,,2,48032777,G,A,,
MSH6,c.3601C>G,3,g.48032801C>G,missense_variant,MODERATE,7,c.3601C>G,p.Leu1201Val,3753,3601,1201,,,25.9,0.782,,,,2,48032801,C,G,3.24E-05,0
MSH6,c.3614C>T,3,g.48032814C>T,missense_variant,MODERATE,7,c.3614C>T,p.Thr1205Ile,3766,3614,1205,,,33,0.936,,,,2,48032814,C,T,,
MSH6,c.3638A>T,N/A,g.48032838A>T,missense_variant,MODERATE,7,c.3638A>T,p.Asp1213Val,3790,3638,1213,,,32,0.911,,,,2,48032838,A,T,,
MSH6,c.3641A>C,N/A,g.48032841A>C,missense_variant,MODERATE,7,c.3641A>C,p.Glu1214Ala,3793,3641,1214,,,31,0.985,,,,2,48032841,A,C,,
MSH6,c.3649A>G,N/A,g.48033345A>G,"missense_variant,splice_region_variant",MODERATE,8,c.3649A>G,p.Arg1217Gly,3801,3649,1217,,,29.1,0.949,8.406627546,0.7895099683,9.196137514,2,48033345,A,G,3.23E-05,0
MSH6,c.3650G>A,3,g.48033346G>A,missense_variant,MODERATE,8,c.3650G>A,p.Arg1217Lys,3802,3650,1217,,,34,0.926,,,,2,48033346,G,A,,
MSH6,c.3656C>T,3,g.48033352C>T,missense_variant,MODERATE,8,c.3656C>T,p.Thr1219Ile,3808,3656,1219,,,34,0.928,,,,2,48033352,C,T,,
MSH6,c.3674C>T,3,g.48033370C>T,missense_variant,MODERATE,8,c.3674C>T,p.Thr1225Met,3826,3674,1225,,,34,0.819,,,,2,48033370,C,T,8.67E-05,0
MSH6,c.3679A>T,3,g.48033375A>T,missense_variant,MODERATE,8,c.3679A>T,p.Ile1227Leu,3831,3679,1227,,,29.9,0.746,,,,2,48033375,A,T,4.07E-06,0
MSH6,c.3682G>C,3,g.48033378G>C,missense_variant,MODERATE,8,c.3682G>C,p.Ala1228Pro,3834,3682,1228,,,33,0.934,,,,2,48033378,G,C,,
MSH6,c.3694G>C,3,g.48033390G>C,missense_variant,MODERATE,8,c.3694G>C,p.Val1232Leu,3846,3694,1232,,,26.3,0.55,,,,2,48033390,G,C,,
MSH6,c.3724C>A,3,g.48033420C>A,missense_variant,MODERATE,8,c.3724C>A,p.Arg1242Ser,3876,3724,1242,,,31,0.81,,,,2,48033420,C,A,3.23E-05,0
MSH6,c.3725G>T,3,g.48033421G>T,missense_variant,MODERATE,8,c.3725G>T,p.Arg1242Leu,3877,3725,1242,,,31,0.806,,,,2,48033421,G,T,,
MSH6,c.3742C>G,3,g.48033438C>G,missense_variant,MODERATE,8,c.3742C>G,p.His1248Asp,3894,3742,1248,,,32,0.968,,,,2,48033438,C,G,,
MSH6,c.3762A>T,3,g.48033458A>T,missense_variant,MODERATE,8,c.3762A>T,p.Glu1254Asp,3914,3762,1254,,,20.6,0.502,,,,2,48033458,A,T,5.42E-05,0
MSH6,c.3778G>A,N/A,g.48033474G>A,missense_variant,MODERATE,8,c.3778G>A,p.Val1260Ile,3930,3778,1260,,,22.2,0.063,,,,2,48033474,G,A,4.07E-06,0
MSH6,c.3784G>C,3,g.48033480G>C,missense_variant,MODERATE,8,c.3784G>C,p.Val1262Leu,3936,3784,1262,,,34,0.165,,,,2,48033480,G,C,,
MSH6,c.3787C>T,3,g.48033483C>T,missense_variant,MODERATE,8,c.3787C>T,p.Arg1263Cys,3939,3787,1263,,,28.7,,,,,2,48033483,C,T,2.17E-05,0
MSH6,c.3803C>A,3,g.48033592C>A,"missense_variant,splice_region_variant",MODERATE,9,c.3803C>A,p.Ala1268Glu,3955,3803,1268,0.9950300585,0.894,28.6,0.835,7.623474412,-1.183492301,6.439982111,2,48033592,C,A,,
MSH6,c.3820G>A,3,g.48033609G>A,missense_variant,MODERATE,9,c.3820G>A,p.Glu1274Lys,3972,3820,1274,,,32,0.703,,,,2,48033609,G,A,,
MSH6,c.383G>T,3,g.48018188G>T,missense_variant,MODERATE,2,c.383G>T,p.Arg128Leu,535,383,128,,,29.7,0.516,,,,2,48018188,G,T,,
MSH6,c.3851C>T,3,g.48033640C>T,missense_variant,MODERATE,9,c.3851C>T,p.Thr1284Met,4003,3851,1284,,,29.2,0.887,,,,2,48033640,C,T,0.0001807,0
MSH6,c.38A>C,3,g.48010410A>C,missense_variant,MODERATE,1,c.38A>C,p.Lys13Thr,190,38,13,,,26.7,0.533,,,,2,48010410,A,C,,
MSH6,c.3907G>A,N/A,g.48033696G>A,missense_variant,MODERATE,9,c.3907G>A,p.Ala1303Thr,4059,3907,1303,,,27.5,0.912,,,,2,48033696,G,A,,
MSH6,c.3911G>A,2,g.48033700G>A,missense_variant,MODERATE,9,c.3911G>A,p.Arg1304Lys,4063,3911,1304,,,13.19,0.443,,,,2,48033700,G,A,0.00076,0
MSH6,c.3930G>C,3,g.48033719G>C,missense_variant,MODERATE,9,c.3930G>C,p.Glu1310Asp,4082,3930,1310,,,15.13,0.313,,,,2,48033719,G,C,4.08E-06,0
MSH6,c.395A>C,3,g.48018200A>C,missense_variant,MODERATE,2,c.395A>C,p.Gln132Pro,547,395,132,,,26.1,0.738,,,,2,48018200,A,C,,
MSH6,c.3961A>G,3,g.48033750A>G,missense_variant,MODERATE,9,c.3961A>G,p.Arg1321Gly,4113,3961,1321,,,25.4,0.672,,,,2,48033750,A,G,0.0001459,0
MSH6,c.3963A>T,3,g.48033752A>T,missense_variant,MODERATE,9,c.3963A>T,p.Arg1321Ser,4115,3963,1321,,,23.1,0.425,,,,2,48033752,A,T,,
MSH6,c.3986C>T,2,g.48033775C>T,missense_variant,MODERATE,9,c.3986C>T,p.Ser1329Leu,4138,3986,1329,,,23,0.417,,,,2,48033775,C,T,4.78E-05,0
MSH6,c.4001G>A,5,g.48033790G>A,"missense_variant,splice_region_variant",MODERATE,9,c.4001G>A,p.Arg1334Gln,4153,4001,1334,0.9999934734,1,25.7,0.536,0.2093292156,6.038079101,6.247408317,2,48033790,G,A,,
MSH6,c.4061T>A,3,g.48033977T>A,missense_variant,MODERATE,10,c.4061T>A,p.Leu1354Gln,4213,4061,1354,,,25.6,0.496,,,,2,48033977,T,A,,
MSH6,c.431G>T,1,g.48018236G>T,missense_variant,MODERATE,2,c.431G>T,p.Ser144Ile,583,431,144,,,24.4,0.539,,,,2,48018236,G,T,0.000992,0
MSH6,c.440T>A,3,g.48018245T>A,missense_variant,MODERATE,2,c.440T>A,p.Leu147His,592,440,147,,,22.3,0.19,,,,2,48018245,T,A,,
MSH6,c.553A>G,3,g.48023128A>G,missense_variant,MODERATE,3,c.553A>G,p.Lys185Glu,705,553,185,,,11.5,0.13,,,,2,48023128,A,G,,
MSH6,c.560A>C,N/A,g.48023135A>C,missense_variant,MODERATE,3,c.560A>C,p.Lys187Thr,712,560,187,,,13.14,0.061,,,,2,48023135,A,C,,
MSH6,c.583G>T,3,g.48023158G>T,missense_variant,MODERATE,3,c.583G>T,p.Val195Phe,735,583,195,,,26.4,0.233,,,,2,48023158,G,T,,
MSH6,c.59C>T,2,g.48010431C>T,missense_variant,MODERATE,1,c.59C>T,p.Ala20Val,211,59,20,,,18.18,0.495,,,,2,48010431,C,T,9.62E-05,0
MSH6,c.622A>G,N/A,g.48023197A>G,missense_variant,MODERATE,3,c.622A>G,p.Met208Val,774,622,208,,,9.773,0.098,,,,2,48023197,A,G,4.07E-06,0
MSH6,c.62A>G,3,g.48010434A>G,missense_variant,MODERATE,1,c.62A>G,p.Asn21Ser,214,62,21,,,0.131,0.169,,,,2,48010434,A,G,,
MSH6,c.648_649delinsTT,3,g.48025770_48025771delinsTT,missense_variant,MODERATE,4,c.648_649delinsTT,p.Asp217Tyr,800-801,648-649,216,,,,,,,,2,48025770,AG,TT,,
MSH6,c.660A>C,2,g.48025782A>C,missense_variant,MODERATE,4,c.660A>C,p.Glu220Asp,812,660,220,,,21.7,0.193,,,,2,48025782,A,C,0.0001164,0
MSH6,c.663A>C,3,g.48025785A>C,missense_variant,MODERATE,4,c.663A>C,p.Glu221Asp,815,663,221,,,9.569,0.316,,,,2,48025785,A,C,0.000687,0
MSH6,c.668A>G,3,g.48025790A>G,missense_variant,MODERATE,4,c.668A>G,p.Asn223Ser,820,668,223,,,0.074,0.158,,,,2,48025790,A,G,4.09E-06,0
MSH6,c.680G>T,3,g.48025802G>T,missense_variant,MODERATE,4,c.680G>T,p.Ser227Ile,832,680,227,,,24.5,0.58,,,,2,48025802,G,T,,
MSH6,c.73G>T,3,g.48010445G>T,missense_variant,MODERATE,1,c.73G>T,p.Ala25Ser,225,73,25,,,0.051,0.076,,,,2,48010445,G,T,0.0001375,0
MSH6,c.751A>G,3,g.48025873A>G,missense_variant,MODERATE,4,c.751A>G,p.Ile251Val,903,751,251,,,3.509,0.116,,,,2,48025873,A,G,8.13E-06,0
MSH6,c.753A>G,3,g.48025875A>G,missense_variant,MODERATE,4,c.753A>G,p.Ile251Met,905,753,251,,,11.77,0.216,,,,2,48025875,A,G,4.07E-06,0
MSH6,c.794T>G,N/A,g.48025916T>G,missense_variant,MODERATE,4,c.794T>G,p.Phe265Cys,946,794,265,,,28.1,0.686,,,,2,48025916,T,G,,
MSH6,c.806C>G,3,g.48025928C>G,missense_variant,MODERATE,4,c.806C>G,p.Thr269Ser,958,806,269,,,0.468,0.217,,,,2,48025928,C,G,1.22E-05,0
MSH6,c.854G>T,3,g.48025976G>T,missense_variant,MODERATE,4,c.854G>T,p.Ser285Ile,1006,854,285,,,25.8,0.651,,,,2,48025976,G,T,8.13E-06,0
MSH6,c.866_867delinsAA,3,g.48025988_48025989delinsAA,missense_variant,MODERATE,4,c.866_867delinsAA,p.Gly289Glu,1018-1019,866-867,289,,,,,,,,2,48025988,GC,AA,,
MSH6,c.884A>G,3,g.48026006A>G,missense_variant,MODERATE,4,c.884A>G,p.Lys295Arg,1036,884,295,,,20.5,0.389,,,,2,48026006,A,G,9.39E-05,0
MSH6,c.944C>T,N/A,g.48026066C>T,missense_variant,MODERATE,4,c.944C>T,p.Ser315Phe,1096,944,315,,,17.42,0.23,,,,2,48026066,C,T,,
MSH6,c.977C>T,3,g.48026099C>T,missense_variant,MODERATE,4,c.977C>T,p.Ala326Val,1129,977,326,,,17.22,0.141,,,,2,48026099,C,T,,
MSH6,c.44C>T,N/A,g.48010416C>T,missense_variant,MODERATE,1,c.44C>T,p.Pro15Leu,196,44,15,,,33,0.375,,,,2,48010416,C,T,,
MSH6,c.63C>G,N/A,g.48010435C>G,missense_variant,MODERATE,1,c.63C>G,p.Asn21Lys,215,63,21,,,4.913,0.101,,,,2,48010435,C,G,,
MSH6,c.181G>A,3,g.48010553G>A,missense_variant,MODERATE,1,c.181G>A,p.Ala61Thr,333,181,61,,,12.21,0.196,,,,2,48010553,G,A,,
MSH6,c.362G>A,3,g.48018167G>A,missense_variant,MODERATE,2,c.362G>A,p.Arg121His,514,362,121,,,32,0.54,,,,2,48018167,G,A,2.89E-05,0
MSH6,c.463A>G,N/A,g.48023038A>G,missense_variant,MODERATE,3,c.463A>G,p.Lys155Glu,615,463,155,,,11.81,0.092,,,,2,48023038,A,G,,
MSH6,c.719G>A,N/A,g.48025841G>A,missense_variant,MODERATE,4,c.719G>A,p.Arg240Gln,871,719,240,,,25.2,0.285,,,,2,48025841,G,A,1.81E-05,0
MSH6,c.733A>T,3,g.48025855A>T,missense_variant,MODERATE,4,c.733A>T,p.Ile245Leu,885,733,245,,,11.67,0.191,,,,2,48025855,A,T,4.07E-06,0
MSH6,c.749T>C,N/A,g.48025871T>C,missense_variant,MODERATE,4,c.749T>C,p.Val250Ala,901,749,250,,,18.56,0.448,,,,2,48025871,T,C,2.53E-05,0
MSH6,c.773T>C,N/A,g.48025895T>C,missense_variant,MODERATE,4,c.773T>C,p.Ile258Thr,925,773,258,,,7.623,0.185,,,,2,48025895,T,C,,
MSH6,c.1184C>T,N/A,g.48026306C>T,missense_variant,MODERATE,4,c.1184C>T,p.Thr395Ile,1336,1184,395,,,25.9,0.765,,,,2,48026306,C,T,4.07E-06,0
MSH6,c.1260C>G,N/A,g.48026382C>G,missense_variant,MODERATE,4,c.1260C>G,p.Asn420Lys,1412,1260,420,,,23.1,0.642,,,,2,48026382,C,G,,
MSH6,c.1316A>G,N/A,g.48026438A>G,missense_variant,MODERATE,4,c.1316A>G,p.Asp439Gly,1468,1316,439,,,26.1,0.973,,,,2,48026438,A,G,,
MSH6,c.1445G>C,4,g.48026567G>C,missense_variant,MODERATE,4,c.1445G>C,p.Arg482Pro,1597,1445,482,,,29.8,0.899,,,,2,48026567,G,C,,
MSH6,c.1450G>A,N/A,g.48026572G>A,missense_variant,MODERATE,4,c.1450G>A,p.Glu484Lys,1602,1450,484,,,29.7,0.922,,,,2,48026572,G,A,,
MSH6,c.1573A>G,N/A,g.48026695A>G,missense_variant,MODERATE,4,c.1573A>G,p.Ser525Gly,1725,1573,525,,,11.86,0.468,,,,2,48026695,A,G,,
MSH6,c.1591C>A,N/A,g.48026713C>A,missense_variant,MODERATE,4,c.1591C>A,p.Pro531Thr,1743,1591,531,,,22.8,0.368,,,,2,48026713,C,A,,
MSH6,c.1621A>C,4,g.48026743A>C,missense_variant,MODERATE,4,c.1621A>C,p.Ser541Arg,1773,1621,541,,,24.6,0.694,,,,2,48026743,A,C,4.06E-06,0
MSH6,c.1813A>G,N/A,g.48026935A>G,missense_variant,MODERATE,4,c.1813A>G,p.Thr605Ala,1965,1813,605,,,22.8,0.655,,,,2,48026935,A,G,8.13E-06,0
MSH6,c.1830G>C,N/A,g.48026952G>C,missense_variant,MODERATE,4,c.1830G>C,p.Lys610Asn,1982,1830,610,,,12.15,0.317,,,,2,48026952,G,C,8.14E-06,0
MSH6,c.2180C>A,N/A,g.48027302C>A,missense_variant,MODERATE,4,c.2180C>A,p.Thr727Asn,2332,2180,727,,,20.7,0.103,,,,2,48027302,C,A,4.07E-06,0
MSH6,c.2299A>T,N/A,g.48027421A>T,missense_variant,MODERATE,4,c.2299A>T,p.Thr767Ser,2451,2299,767,,,24.3,0.914,,,,2,48027421,A,T,,
MSH6,c.2300C>G,N/A,g.48027422C>G,missense_variant,MODERATE,4,c.2300C>G,p.Thr767Ser,2452,2300,767,,,25.7,0.878,,,,2,48027422,C,G,1.63E-05,0
MSH6,c.2356T>C,N/A,g.48027478T>C,missense_variant,MODERATE,4,c.2356T>C,p.Tyr786His,2508,2356,786,,,1.003,0.194,,,,2,48027478,T,C,8.14E-06,0
MSH6,c.2384T>C,N/A,g.48027506T>C,missense_variant,MODERATE,4,c.2384T>C,p.Ile795Thr,2536,2384,795,,,22.5,0.774,,,,2,48027506,T,C,0.000289,0
MSH6,c.2515G>C,N/A,g.48027637G>C,missense_variant,MODERATE,4,c.2515G>C,p.Asp839His,2667,2515,839,,,26.7,0.807,,,,2,48027637,G,C,,
MSH6,c.2567T>C,N/A,g.48027689T>C,missense_variant,MODERATE,4,c.2567T>C,p.Ile856Thr,2719,2567,856,,,17.12,0.348,,,,2,48027689,T,C,,
MSH6,c.2608A>G,N/A,g.48027730A>G,missense_variant,MODERATE,4,c.2608A>G,p.Lys870Glu,2760,2608,870,,,22.9,0.342,,,,2,48027730,A,G,4.07E-06,0
MSH6,c.2713T>A,N/A,g.48027835T>A,missense_variant,MODERATE,4,c.2713T>A,p.Leu905Met,2865,2713,905,,,23,0.718,,,,2,48027835,T,A,4.07E-06,0
MSH6,c.2732G>A,N/A,g.48027854G>A,missense_variant,MODERATE,4,c.2732G>A,p.Arg911Gln,2884,2732,911,,,24.1,0.612,,,,2,48027854,G,A,2.44E-05,0
MSH6,c.2780T>C,N/A,g.48027902T>C,missense_variant,MODERATE,4,c.2780T>C,p.Ile927Thr,2932,2780,927,,,25.3,0.943,,,,2,48027902,T,C,1.81E-05,0
MSH6,c.2906A>G,4,g.48028028A>G,missense_variant,MODERATE,4,c.2906A>G,p.Tyr969Cys,3058,2906,969,,,25,0.89,,,,2,48028028,A,G,1.26E-05,0
MSH6,c.2962C>T,N/A,g.48028084C>T,missense_variant,MODERATE,4,c.2962C>T,p.Arg988Cys,3114,2962,988,,,27,0.519,,,,2,48028084,C,T,1.89E-05,0
MSH6,c.2980T>A,N/A,g.48028102T>A,missense_variant,MODERATE,4,c.2980T>A,p.Tyr994Asn,3132,2980,994,,,27.2,0.892,,,,2,48028102,T,A,,
MSH6,c.3023C>T,N/A,g.48028145C>T,missense_variant,MODERATE,4,c.3023C>T,p.Thr1008Ile,3175,3023,1008,,,27.8,0.873,,,,2,48028145,C,T,,
MSH6,c.3172G>C,N/A,g.48028294G>C,"missense_variant,splice_region_variant",MODERATE,4,c.3172G>C,p.Asp1058His,3324,3172,1058,0.9999955628,1,29.9,0.96,5.783801559,3.121327532,8.905129091,2,48028294,G,C,,
MSH6,c.3188T>G,5,g.48030574T>G,missense_variant,MODERATE,5,c.3188T>G,p.Leu1063Arg,3340,3188,1063,,,33,0.958,,,,2,48030574,T,G,,
MSH6,c.3205G>C,N/A,g.48030591G>C,missense_variant,MODERATE,5,c.3205G>C,p.Gly1069Arg,3357,3205,1069,,,25.5,0.666,,,,2,48030591,G,C,2.17E-05,0
MSH6,c.3227G>A,N/A,g.48030613G>A,missense_variant,MODERATE,5,c.3227G>A,p.Arg1076His,3379,3227,1076,,,34,0.839,,,,2,48030613,G,A,8.13E-06,0
MSH6,c.3260C>T,N/A,g.48030646C>T,missense_variant,MODERATE,5,c.3260C>T,p.Pro1087Leu,3412,3260,1087,,,25.1,0.726,,,,2,48030646,C,T,1.22E-05,0
MSH6,c.3283C>T,N/A,g.48030669C>T,missense_variant,MODERATE,5,c.3283C>T,p.Arg1095Cys,3435,3283,1095,,,35,0.859,,,,2,48030669,C,T,8.66E-05,0
MSH6,c.3299C>G,N/A,g.48030685C>G,missense_variant,MODERATE,5,c.3299C>G,p.Thr1100Arg,3451,3299,1100,,,26.6,0.699,,,,2,48030685,C,G,0.0001154,0
MSH6,c.3313G>A,N/A,g.48030699G>A,missense_variant,MODERATE,5,c.3313G>A,p.Gly1105Arg,3465,3313,1105,,,34,0.741,,,,2,48030699,G,A,8.12E-06,1
MSH6,c.3416G>A,N/A,g.48030802G>A,missense_variant,MODERATE,5,c.3416G>A,p.Gly1139Asp,3568,3416,1139,,,33,0.455,,,,2,48030802,G,A,4.06E-06,0
MSH6,c.3485C>A,N/A,g.48032095C>A,missense_variant,MODERATE,6,c.3485C>A,p.Ala1162Asp,3637,3485,1162,,,34,0.933,,,,2,48032095,C,A,,
MSH6,c.3539C>T,N/A,g.48032149C>T,missense_variant,MODERATE,6,c.3539C>T,p.Ser1180Leu,3691,3539,1180,,,35,0.887,,,,2,48032149,C,T,,
MSH6,c.3563G>A,N/A,g.48032763G>A,missense_variant,MODERATE,7,c.3563G>A,p.Ser1188Asn,3715,3563,1188,,,32,0.885,,,,2,48032763,G,A,,
MSH6,c.3605T>C,3,g.48032805T>C,missense_variant,MODERATE,7,c.3605T>C,p.Met1202Thr,3757,3605,1202,,,0.033,0.18,,,,2,48032805,T,C,3.23E-05,0
MSH6,c.3632T>C,5,g.48032832T>C,missense_variant,MODERATE,7,c.3632T>C,p.Leu1211Pro,3784,3632,1211,,,32,0.975,,,,2,48032832,T,C,,
MSH6,c.3637G>A,N/A,g.48032837G>A,missense_variant,MODERATE,7,c.3637G>A,p.Asp1213Asn,3789,3637,1213,,,34,0.943,,,,2,48032837,G,A,,
MSH6,c.3646G>A,N/A,g.48032846G>A,"missense_variant,splice_region_variant",MODERATE,7,c.3646G>A,p.Gly1216Arg,3798,3646,1216,0.9999588753,0.962,33,0.956,5.166809446,3.976968169,9.143777615,2,48032846,G,A,,
MSH6,c.3725G>A,N/A,g.48033421G>A,missense_variant,MODERATE,8,c.3725G>A,p.Arg1242His,3877,3725,1242,,,32,0.949,,,,2,48033421,G,A,4.07E-06,0
MSH6,c.3727A>T,N/A,g.48033423A>T,missense_variant,MODERATE,8,c.3727A>T,p.Thr1243Ser,3879,3727,1243,,,23.8,0.587,,,,2,48033423,A,T,0.000278,1
MSH6,c.3734T>C,N/A,g.48033430T>C,missense_variant,MODERATE,8,c.3734T>C,p.Phe1245Ser,3886,3734,1245,,,28.9,0.97,,,,2,48033430,T,C,,
MSH6,c.3772C>G,N/A,g.48033468C>G,missense_variant,MODERATE,8,c.3772C>G,p.Gln1258Glu,3924,3772,1258,,,10.66,0.177,,,,2,48033468,C,G,4.07E-05,0
MSH6,c.3800T>C,N/A,g.48033496T>C,"missense_variant,splice_region_variant",MODERATE,8,c.3800T>C,p.Met1267Thr,3952,3800,1267,0.9800063809,0.918,28,0.946,9.941586948,-1.590786302,8.350800646,2,48033496,T,C,1.08E-05,0
MSH6,c.3878C>G,N/A,g.48033667C>G,missense_variant,MODERATE,9,c.3878C>G,p.Ala1293Gly,4030,3878,1293,,,27.4,0.8,,,,2,48033667,C,G,1.22E-05,0
MSH6,c.3977T>C,N/A,g.48033766T>C,missense_variant,MODERATE,9,c.3977T>C,p.Met1326Thr,4129,3977,1326,,,1.658,0.28,,,,2,48033766,T,C,4.13E-06,0
MSH6,c.4001G>C,N/A,g.48033790G>C,"missense_variant,splice_region_variant",MODERATE,9,c.4001G>C,p.Arg1334Pro,4153,4001,1334,0.9999617128,1,28.1,0.634,2.715277896,3.532130421,6.247408317,2,48033790,G,C,,
